OBJECT_NAME,OBJECT_ID,EPOCH,MEAN_MOTION,ECCENTRICITY,INCLINATION,RA_OF_ASC_NODE,ARG_OF_PERICENTER,MEAN_ANOMALY,EPHEMERIS_TYPE,CLASSIFICATION_TYPE,NORAD_CAT_ID,ELEMENT_SET_NO,REV_AT_EPOCH,BSTAR,MEAN_MOTION_DOT,MEAN_MOTION_DDOT
FENGYUN 1C DEB,1999-025X,2026-10-08T23:18:06.579,12.96939978,0.0564681,99.2042,297.2529,228.3927,157.8729,0,U,29733,999,93011,0.001515,0.00000874,0
FENGYUN 1C DEB,1999-025AR,2026-10-09T00:44:55.642,14.23833419,0.008853,98.5147,305.8452,345.2121,43.4397,0,U,29751,999,2345,0.00010393,0.00000205,0
FENGYUN 1C DEB,1999-025BL,2026-10-09T03:43:15.972,14.21711987,0.0062789,98.8322,2.8292,130.2212,259.4142,0,U,29770,999,1350,0.0007632100000000001,0.00001667,0
FENGYUN 1C DEB,1999-025BY,2026-10-09T02:38:06.694,14.12762061,0.0054125,99.0791,344.8692,80.6556,309.2799,0,U,29782,999,910,0.0006734,0.00001222,0
FENGYUN 1C DEB,1999-025CM,2026-10-08T08:11:37.853,13.93027969,0.0112029,98.91,43.9133,174.7311,249.1584,0,U,29795,999,224,0.00013272999999999998,0.0000014,0
FENGYUN 1C DEB,1999-025DB,2026-10-08T20:18:52.236,14.4711965,0.0115284,98.8967,264.9282,169.8905,260.5774,0,U,29809,999,3807,0.0001042,0.00000359,0
FENGYUN 1C DEB,1999-025DP,2026-10-09T02:32:45.098,14.12250442,0.0370497,98.8355,338.9595,348.5592,38.8981,0,U,29821,999,749,0.00036971,0.00001251,0
FENGYUN 1C DEB,1999-025EN,2026-10-09T06:01:17.446,14.32758828,0.0167283,98.9221,197.6687,9.5748,350.8558,0,U,29844,999,2644,0.00037337,0.00001136,0
FENGYUN 1C DEB,1999-025EX,2026-10-09T06:47:58.968,13.94600054,0.0159657,98.4736,24.0558,107.1274,254.7442,0,U,29853,999,99857,0.0006152800000000001,0.00000877,0
FENGYUN 1C DEB,1999-025FN,2026-10-09T01:43:48.738,14.81957158,0.0187822,97.9099,329.4437,108.3262,253.8482,0,U,29868,999,4739,0.00045813,0.0000488,0
FENGYUN 1C DEB,1999-025GA,2026-10-09T04:02:50.836,13.94854181,0.0230706,98.1776,172.228,339.6473,173.9525,0,U,29880,999,99749,0.00063241,0.00001022,0
FENGYUN 1C DEB,1999-025GP,2026-10-09T04:04:52.009,13.7957538,0.0173684,98.5371,354.2214,60.6193,329.1508,0,U,29893,999,99282,0.00010342,8.3e-7,0
FENGYUN 1C DEB,1999-025HD,2026-10-09T04:54:13.469,14.12930573,0.0083683,99.0935,358.5164,126.2067,259.5929,0,U,29907,999,841,0.0007258599999999999,0.00001352,0
FENGYUN 1C DEB,1999-025HS,2026-10-04T18:24:17.263,14.04458975,0.0123509,98.3693,114.5646,161.1814,199.3981,0,U,29920,999,433,0.00077023,0.00001276,0
FENGYUN 1C DEB,1999-025JD,2026-10-09T01:51:12.163,14.04037405,0.0031124,98.826,314.272,336.0072,49.7878,0,U,29931,999,1026,0.000059719,5.2e-7,0
FENGYUN 1C DEB,1999-025JQ,2026-10-08T17:55:26.388,14.31271174,0.0050259,98.6075,350.1332,114.6712,245.9717,0,U,29942,999,2158,0.00035076000000000004,0.00000897,0
FENGYUN 1C DEB,1999-025KC,2026-10-09T06:08:33.772,14.35427506,0.007441,100.1294,17.1202,142.7085,217.9294,0,U,29954,999,2494,0.0005873,0.00001683,0
FENGYUN 1C DEB,1999-025KN,2026-10-08T22:51:22.284,14.03486377,0.0130582,98.3642,105.5415,139.2481,221.8545,0,U,29964,999,527,0.00077205,0.00001266,0
FENGYUN 1C DEB,1999-025KY,2026-10-09T05:17:35.591,14.16017571,0.0044498,98.8848,10.4226,305.8998,81.9382,0,U,29974,999,1176,0.00084079,0.0000163,0
FENGYUN 1C DEB,1999-025LM,2026-10-09T04:31:31.515,14.16607226,0.0079573,98.8831,178.5406,95.0474,57.1932,0,U,29987,999,622,0.001206,0.00002438,0
FENGYUN 1C DEB,1999-025MA,2026-10-09T05:34:00.261,14.42572207,0.0034938,98.9536,16.319,281.5836,107.9592,0,U,30001,999,1752,0.0013505000000000001,0.00004469,0
FENGYUN 1C DEB,1999-025MQ,2026-10-09T01:19:00.305,14.31608503,0.0036932,99.2183,308.4188,339.4236,47.1691,0,U,30015,999,2463,0.00030654,0.00000773,0
FENGYUN 1C DEB,1999-025NM,2026-10-09T01:26:43.845,14.47169216,0.0187898,98.2266,306.1861,11.8246,13.1087,0,U,30036,999,3516,0.00028163,0.0000123,0
FENGYUN 1C DEB,1999-025NZ,2026-10-08T13:06:00.201,13.80046026,0.018694,98.631,126.9726,154.758,234.6632,0,U,30048,999,99261,0.00016253,0.00000155,0
FENGYUN 1C DEB,1999-025PN,2026-10-08T23:15:27.298,13.47925608,0.0364365,101.9039,93.1156,288.1848,228.068,0,U,30061,999,96142,0.0012661,0.00001109,0
FENGYUN 1C DEB,1999-025PY,2026-10-09T06:40:30.823,14.57122997,0.0035531,98.6668,37.325,268.1881,121.4507,0,U,30071,999,2595,0.0012212000000000002,0.00005504,0
FENGYUN 1C DEB,1999-025QJ,2026-10-08T22:17:00.158,13.98532464,0.0074715,98.941,275.353,228.9756,160.7705,0,U,30081,999,546,0.00035228,0.00000473,0
FENGYUN 1C DEB,1999-025QZ,2026-10-09T06:33:57.695,14.32105836,0.0080009,99.1398,22.4025,81.7225,279.302,0,U,30096,999,2843,0.00015195,0.00000375,0
FENGYUN 1C DEB,1999-025RP,2026-10-09T05:12:46.313,13.56356689,0.026676,98.9103,7.736,298.8678,58.5931,0,U,30110,999,97588,0.00020745,0.00000143,0
FENGYUN 1C DEB,1999-025SA,2026-10-09T07:01:08.156,14.44121536,0.0028361,102.1611,74.9126,95.0292,23.2716,0,U,30121,999,1863,0.0014648,0.00004971,0
FENGYUN 1C DEB,1999-025SP,2026-10-08T23:51:17.471,14.13795308,0.0019631,98.6785,297.3898,51.8705,338.1418,0,U,30134,999,1485,0.00030683,0.00000539,0
FENGYUN 1C DEB,1999-025TB,2026-10-08T20:34:27.120,13.87002453,0.0176993,98.0575,44.6722,9.1102,142.2763,0,U,30146,999,99577,0.00031878,0.00000387,0
FENGYUN 1C DEB,1999-025TR,2026-10-09T06:51:38.780,13.43288419,0.0342975,98.8976,201.2541,89.8164,58.601,0,U,30160,999,96448,0.00085348,0.0000066,0
FENGYUN 1C DEB,1999-025UE,2026-10-09T03:36:00.697,14.12745341,0.0081865,98.9597,357.9731,161.9963,229.8903,0,U,30173,999,784,0.0008523199999999999,0.00001589,0
FENGYUN 1C DEB,1999-025VD,2026-10-09T05:24:09.741,14.25928169,0.008475,98.6358,15.3274,266.7313,121.5429,0,U,30196,999,2644,0.000031953,3.5e-7,0
FENGYUN 1C DEB,1999-025VR,2026-10-09T06:36:31.084,14.24075797,0.0034724,98.5723,280.5433,114.0494,314.9077,0,U,30208,999,2105,0.00026063,0.0000056,0
FENGYUN 1C DEB,1999-025WH,2026-10-09T02:52:55.452,13.90082281,0.0110635,99.4478,331.0442,258.337,126.7901,0,U,30224,999,99914,0.00022823,0.00000249,0
FENGYUN 1C DEB,1999-025XB,2026-10-09T01:59:16.924,14.18216906,0.0009728,98.6537,314.1113,265.8052,118.7888,0,U,30242,999,1680,0.00035221000000000004,0.00000681,0
FENGYUN 1C DEB,1999-025XM,2026-10-09T07:16:55.919,14.1011576,0.0067448,98.7335,293.7046,110.6921,263.6006,0,U,30252,999,1199,0.00024449000000000004,0.00000399,0
FENGYUN 1C DEB,1999-025YF,2026-10-09T00:31:25.817,14.11386565,0.0007771,98.6948,291.4335,40.667,343.6356,0,U,30270,999,1596,0.00009517600000000001,0.0000013,0
FENGYUN 1C DEB,1999-025YT,2026-10-08T22:25:30.334,14.13290573,0.0208676,98.5139,275.6416,220.6269,168.4506,0,U,30282,999,1590,0.0001224,0.00000239,0
FENGYUN 1C DEB,1999-025ZF,2026-10-08T21:21:36.501,14.35491821,0.0197559,98.3823,266.3312,133.148,258.0612,0,U,30294,999,2841,0.00013221,0.00000427,0
FENGYUN 1C DEB,1999-025ZS,2026-10-09T05:53:00.584,13.60358397,0.026558,98.593,191.2158,34.576,115.5876,0,U,30305,999,97859,0.00021712,0.0000017,0
FENGYUN 1C DEB,1999-025AAE,2026-10-08T23:05:35.617,14.07074936,0.0025623,98.7984,279.1692,149.6177,210.6484,0,U,30317,999,1232,-0.0000013998000000000001,-4.5e-7,0
FENGYUN 1C DEB,1999-025AAS,2026-10-09T07:36:44.053,13.98116379,0.0095038,98.9248,314.1076,257.9048,161.1629,0,U,30331,999,314,0.00047736,0.00000662,0
FENGYUN 1C DEB,1999-025ABF,2026-10-09T06:08:15.008,14.56841616,0.0005852,98.8168,25.4554,269.841,119.2307,0,U,30344,999,2446,0.0012634,0.00005614,0
FENGYUN 1C DEB,1999-025ABU,2026-10-09T00:11:37.172,14.05381284,0.0048979,98.7799,305.1824,205.7739,183.9978,0,U,30357,999,1019,0.00024516,0.00000359,0
FENGYUN 1C DEB,1999-025ACF,2026-10-08T18:41:12.010,13.75548452,0.0185467,99.1993,22.1137,236.4077,288.4251,0,U,30368,999,98786,0.00029822,0.00000282,0
FENGYUN 1C DEB,1999-025ACY,2026-10-09T02:39:11.594,14.39234094,0.0125737,99.0516,324.9426,125.8212,261.8565,0,U,30385,999,3087,0.0001556,0.00000477,0
FENGYUN 1C DEB,1999-025ADJ,2026-10-09T06:31:43.080,13.97055241,0.0158367,98.9205,294.1276,277.5744,144.5494,0,U,30395,999,214,0.00032601,0.00000462,0
FENGYUN 1C DEB,1999-025ADX,2026-10-08T18:15:24.278,14.38681999,0.0044806,99.0213,259.5387,148.2803,335.2132,0,U,30408,999,65845,0.0018594,0.00005725,0
FENGYUN 1C DEB,1999-025AET,2026-10-09T05:46:31.771,14.41639292,0.0081275,98.8187,195.9524,164.1873,196.1882,0,U,30432,999,3063,0.00026447,0.00000847,0
FENGYUN 1C DEB,1999-025AFG,2026-10-08T20:52:48.789,14.49931013,0.010273,98.872,253.1371,193.6983,166.1418,0,U,30445,999,3530,0.00022939000000000002,0.00000894,0
FENGYUN 1C DEB,1999-025AGC,2026-10-09T06:01:00.640,14.36356487,0.0017936,98.8276,22.2385,218.8057,169.7807,0,U,30465,999,1667,0.0010439,0.00003015,0
FENGYUN 1C DEB,1999-025AGP,2026-10-09T02:32:24.082,14.22367401,0.004638,99.103,334.06,162.3608,227.5223,0,U,30476,999,1110,0.0007587000000000001,0.0000166,0
FENGYUN 1C DEB,1999-025AHL,2026-10-09T03:18:57.072,14.07498779,0.0097816,99.2258,344.4382,42.9362,346.8008,0,U,30498,999,99993,0.00066187,0.00001119,0
FENGYUN 1C DEB,1999-025AJC,2026-10-08T20:54:29.206,14.35265728,0.0170111,98.3915,302.4701,279.7753,78.4261,0,U,30514,999,2527,0.00028595,0.00000915,0
FENGYUN 1C DEB,1999-025AJS,2026-10-09T02:27:11.965,14.13853457,0.0144619,98.1986,132.6936,77.749,74.0132,0,U,30528,999,1379,0.00021379000000000002,0.0000041,0
FENGYUN 1C DEB,1999-025AKK,2026-10-08T11:19:54.477,13.20952336,0.0471923,98.9914,97.352,4.5951,355.9282,0,U,30545,999,94887,0.00024398,0.00000143,0
FENGYUN 1C DEB,1999-025AKX,2026-10-09T03:10:09.668,14.11956584,0.0069,98.9017,350.0849,105.918,254.9609,0,U,30557,999,537,0.00088437,0.00001611,0
FENGYUN 1C DEB,1999-025ALK,2026-10-08T23:10:09.186,14.87886125,0.0005274,98.7457,93.1405,208.8849,151.2073,0,U,30569,999,2643,0.0024387000000000002,0.00022326,0
FENGYUN 1C DEB,1999-025AMB,2026-10-08T17:02:44.566,14.34949292,0.0247799,98.4282,277.2648,115.1488,302.037,0,U,30596,999,2861,0.0001245,0.00000452,0
FENGYUN 1C DEB,1999-025ANC,2026-10-09T06:31:01.622,14.05447724,0.0131646,98.7046,218.4382,180.7894,338.8408,0,U,30621,999,99809,0.00098402,0.00001685,0
FENGYUN 1C DEB,1999-025ANR,2026-10-08T22:11:03.344,14.1172084,0.0118324,99.3114,280.4247,341.0691,46.3121,0,U,30634,999,99850,0.0014638000000000001,0.000028,0
FENGYUN 1C DEB,1999-025APL,2026-10-08T19:51:25.727,14.1818409,0.0034969,99.2534,222.2603,333.8667,26.074,0,U,30654,999,930,0.00065298,0.00001302,0
FENGYUN 1C DEB,1999-025AQA,2026-10-09T04:49:52.910,14.13822367,0.008015,99.1195,6.0435,122.8994,266.891,0,U,30668,999,298,0.00081225,0.0000154,0
FENGYUN 1C DEB,1999-025AQN,2026-10-08T21:41:12.691,13.57948219,0.0316641,99.6466,323.9301,130.9497,231.9512,0,U,30680,999,96325,0.0026514,0.00002613,0
FENGYUN 1C DEB,1999-025ARE,2026-10-09T02:51:03.607,14.46207616,0.0085648,98.3571,332.1434,294.8042,91.6987,0,U,30696,999,2631,0.00044559,0.00001621,0
FENGYUN 1C DEB,1999-025ARR,2026-10-09T04:47:21.959,14.28368853,0.0025477,99.3949,4.1655,286.7311,101.3697,0,U,30707,999,1086,0.00087144,0.00002135,0
FENGYUN 1C DEB,1999-025ASD,2026-10-08T21:56:53.041,14.68193271,0.0009054,98.8992,92.5587,346.17,13.9253,0,U,30719,999,1830,0.001922,0.00011029,0
FENGYUN 1C DEB,1999-025ASS,2026-10-09T07:09:19.721,14.04193307,0.0124683,98.7872,297.8862,87.9545,40.3704,0,U,30732,999,408,0.00033507999999999997,0.00000528,0
FENGYUN 1C DEB,1999-025ATK,2026-10-09T00:05:31.485,13.99919272,0.0058115,98.8609,304.6653,114.9914,245.7302,0,U,30749,999,165,0.00026707,0.00000356,0
FENGYUN 1C DEB,1999-025ATY,2026-10-09T05:36:02.075,13.98451469,0.0197063,98.8998,268.8499,183.3594,300.243,0,U,30762,999,99837,-0.000013277,-6.5e-7,0
FENGYUN 1C DEB,1999-025AUN,2026-10-09T05:20:51.741,14.55638681,0.0182593,98.8715,11.5385,358.6051,28.7648,0,U,30804,999,3842,0.00014105,0.00000707,0
FENGYUN 1C DEB,1999-025AVE,2026-10-09T05:37:51.994,14.23420163,0.0049029,98.6764,18.8694,39.1352,350.3119,0,U,30820,999,694,0.00092426,0.00002081,0
FENGYUN 1C DEB,1999-025AVT,2026-10-06T18:37:09.041,14.27279844,0.0033195,99.8679,108.445,63.8212,296.6372,0,U,30833,999,68662,0.00017784,0.00000383,0
FENGYUN 1C DEB,1999-025AWK,2026-10-08T16:31:04.768,14.2025263,0.0048769,99.0272,352.7922,228.7999,283.3056,0,U,30849,999,622,0.0007656500000000001,0.00001609,0
FENGYUN 1C DEB,1999-025AXD,2026-10-09T03:02:35.668,14.30331184,0.0048095,97.8609,165.1026,173.8549,343.2882,0,U,30867,999,829,0.00089052,0.00002304,0
FENGYUN 1C DEB,1999-025AXV,2026-10-07T22:03:01.156,14.14735409,0.0113224,98.3313,303.634,71.1189,46.5044,0,U,30883,999,1132,0.00011602,0.00000199,0
FENGYUN 1C DEB,1999-025AYM,2026-10-08T13:56:32.277,14.35624834,0.0030839,99.1672,202.4427,135.3801,351.2824,0,U,30899,999,890,0.0013189,0.00003777,0
FENGYUN 1C DEB,1999-025AZE,2026-10-09T03:27:59.991,14.09738438,0.0064972,98.9703,346.7437,136.8885,252.9509,0,U,30916,999,43,0.0006058799999999999,0.00001041,0
FENGYUN 1C DEB,1999-025AZV,2026-10-09T03:11:37.986,14.02069179,0.009171,99.1405,345.7801,291.1763,97.4989,0,U,30931,999,127,0.00040381,0.00000594,0
FENGYUN 1C DEB,1999-025BAH,2026-10-05T17:41:44.181,14.0471844,0.0049073,98.7901,288.3698,313.9741,45.7384,0,U,30943,999,99911,0.00028388,0.00000417,0
FENGYUN 1C DEB,1999-025BBE,2026-10-08T20:25:26.840,14.01603935,0.01378,98.6866,239.4477,117.6321,274.715,0,U,30964,999,99598,0.00069879,0.00001109,0
FENGYUN 1C DEB,1999-025BCL,2026-10-08T22:55:03.438,14.1191979,0.0018595,98.7006,286.4019,46.669,313.6029,0,U,30994,999,821,0.00011608,0.0000017,0
FENGYUN 1C DEB,1999-025BCZ,2026-10-09T05:24:50.947,14.63957933,0.0059447,98.1043,272.8551,172.8656,187.3406,0,U,31007,999,2476,0.00082518,0.00004384,0
FENGYUN 1C DEB,1999-025BDQ,2026-10-06T11:05:01.073,13.90732645,0.0110809,99.4839,174.7408,44.9797,316.0271,0,U,31022,999,66146,0.00026681,0.00000304,0
FENGYUN 1C DEB,1999-025BEB,2026-10-09T05:03:25.049,14.27795071,0.0151562,98.4744,256.0169,307.6153,63.4452,0,U,31033,999,1628,0.00014147,0.00000349,0
FENGYUN 1C DEB,1999-025BEV,2026-09-23T20:35:17.471,14.03192081,0.0053173,98.7915,293.1393,60.2558,300.3885,0,U,31051,999,67817,0.00037922,0.00000556,0
FENGYUN 1C DEB,1999-025BFN,2026-10-09T04:52:15.766,14.09408295,0.0164306,98.6642,257.5448,346.3107,13.3635,0,U,31068,999,396,0.00014662,0.00000247,0
FENGYUN 1C DEB,1999-025BGF,2026-10-08T01:33:01.668,14.30457207,0.0085923,98.9544,136.2517,226.8213,288.5408,0,U,31085,999,1995,0.000052416,9.5e-7,0
FENGYUN 1C DEB,1999-025BGU,2026-10-08T20:21:40.673,14.58094605,0.0011803,98.8795,63.3527,67.1805,293.0637,0,U,31098,999,1323,0.0017715,0.00008119,0
FENGYUN 1C DEB,1999-025BHN,2026-10-07T23:49:11.017,13.99671628,0.0058599,99.0423,339.2623,151.3858,209.0543,0,U,31160,999,73785,-0.00012288000000000002,-0.00000226,0
FENGYUN 1C DEB,1999-025BJG,2026-10-08T21:28:54.549,14.24215204,0.0123775,99.5046,313.2397,186.4412,173.5179,0,U,31178,999,80,0.00096156,0.0000235,0
FENGYUN 1C DEB,1999-025BJU,2026-10-09T07:08:13.688,14.04182187,0.0068398,98.8133,291.0402,138.2452,222.3964,0,U,31190,999,99764,0.00042671,0.00000649,0
FENGYUN 1C DEB,1999-025BKK,2026-10-09T06:53:01.546,14.24126232,0.0162461,99.2402,35.4767,59.6482,302.0647,0,U,31205,999,1489,0.000049231000000000003,8e-7,0
FENGYUN 1C DEB,1999-025BKZ,2026-10-09T00:51:18.449,14.15160411,0.0078285,99.2683,308.5104,55.5855,305.2686,0,U,31219,999,99815,0.00085796,0.00001669,0
FENGYUN 1C DEB,1999-025BLR,2026-10-08T14:41:01.842,14.23939561,0.016845,98.4452,62.7725,225.7314,132.9941,0,U,31235,999,67428,0.0026677000000000003,0.00007047,0
FENGYUN 1C DEB,1999-025BME,2026-10-09T02:56:37.398,13.93179227,0.0110347,99.2319,344.2776,216.7375,172.8248,0,U,31248,999,99006,0.00045586,0.00000579,0
FENGYUN 1C DEB,1999-025BMU,2026-10-09T05:39:55.306,14.1990593,0.0052158,98.9961,15.2262,319.42,67.9299,0,U,31262,999,99971,0.00097868,0.0000206,0
FENGYUN 1C DEB,1999-025BNP,2026-10-07T22:51:02.080,15.42342535,0.0066197,98.4045,99.7635,136.725,223.9221,0,U,31281,999,4274,0.0010949,0.00051293,0
FENGYUN 1C DEB,1999-025BPF,2026-10-08T16:25:24.154,14.57977561,0.0136091,98.9742,86.2734,291.0109,126.8742,0,U,31297,999,3670,0.00014452,0.0000069,0
FENGYUN 1C DEB,1999-025BPZ,2026-10-06T11:28:35.519,14.13963312,0.0030468,98.7085,356.0508,52.1816,308.2108,0,U,31321,999,61591,0.00007446300000000001,9.9e-7,0
FENGYUN 1C DEB,1999-025BQM,2026-10-08T05:52:45.499,14.27400797,0.0096232,98.4212,289.853,225.256,134.076,0,U,31333,999,842,0.00031842,0.00000778,0
FENGYUN 1C DEB,1999-025BRE,2026-10-06T07:53:56.020,14.35571989,0.0065584,98.9706,107.9549,334.1374,25.6536,0,U,31350,999,74522,0.00023474000000000002,0.00000645,0
FENGYUN 1C DEB,1999-025BRV,2026-10-09T05:33:48.574,14.44943441,0.003857,98.6694,17.752,43.0457,317.3739,0,U,31365,999,954,0.0008896300000000001,0.00003083,0
FENGYUN 1C DEB,1999-025BSM,2026-10-07T11:04:06.814,14.37966276,0.0195239,98.4757,5.0891,219.2898,139.3985,0,U,31381,999,1689,0.00023457,0.00000832,0
FENGYUN 1C DEB,1999-025BSY,2026-10-09T06:46:15.531,14.11234851,0.0079276,98.5619,216.8817,198.3883,161.442,0,U,31412,999,65229,0.00081315,0.0000147,0
FENGYUN 1C DEB,1999-025BTQ,2026-10-08T22:36:11.876,14.4342292,0.0062495,99.0632,276.8599,347.1115,42.5022,0,U,31428,999,1800,0.00048110000000000004,0.00001612,0
FENGYUN 1C DEB,1999-025BUE,2026-10-08T01:28:59.825,14.34501922,0.0078361,98.5178,7.8566,203.6716,156.0857,0,U,31442,999,1651,0.0001973,0.00000532,0
FENGYUN 1C DEB,1999-025BUX,2026-10-08T22:59:28.984,14.4675542,0.0090395,98.1573,184.1003,298.336,60.8738,0,U,31459,999,68895,0.00088656,0.0000333,0
FENGYUN 1C DEB,1999-025BVP,2026-09-28T23:18:38.011,14.39672844,0.0207161,98.9129,177.6859,330.0304,28.9152,0,U,31475,999,180,0.00042873,0.00001668,0
FENGYUN 1C DEB,1999-025BWF,2026-10-08T12:02:06.229,14.83164765,0.0048579,98.853,122.2009,143.5007,216.9531,0,U,31492,999,912,0.0015929,0.00013224,0
FENGYUN 1C DEB,1999-025BWY,2026-10-05T14:15:19.959,13.96343157,0.0192664,99.0394,37.0734,125.2283,236.7083,0,U,31509,999,98103,0.001186,0.00001869,0
FENGYUN 1C DEB,1999-025BXN,2026-10-07T22:32:20.077,14.13884166,0.0037914,98.714,326.6437,339.3735,144.6313,0,U,31523,999,213,0.000015938,-1.3e-7,0
FENGYUN 1C DEB,1999-025BYG,2026-10-08T22:39:22.071,14.72038143,0.0074601,99.0067,100.3211,29.7198,330.8213,0,U,31541,999,2828,0.00040604000000000004,0.000026,0
FENGYUN 1C DEB,1999-025BYZ,2026-10-08T16:57:02.378,14.39170545,0.0211628,98.7665,189.3412,91.9416,300.0095,0,U,31558,999,1748,0.00012618,0.00000454,0
FENGYUN 1C DEB,1999-025BZL,2026-10-08T06:09:22.442,13.97524959,0.0176281,102.6068,193.3922,11.8654,141.1351,0,U,31569,999,97860,0.0016376,0.00002558,0
FENGYUN 1C DEB,1999-025CAD,2026-10-04T04:46:51.554,13.82830826,0.0192797,97.6349,78.0888,261.4596,96.4674,0,U,31623,999,62003,0.00022520000000000003,0.0000025,0
FENGYUN 1C DEB,1999-025CAY,2026-10-07T04:29:42.816,14.33897392,0.0120265,98.4853,1.978,91.8312,269.6651,0,U,31642,999,1262,0.00015242,0.00000416,0
FENGYUN 1C DEB,1999-025CBT,2026-10-07T04:59:04.702,14.27166027,0.0057151,98.8493,7.5544,82.6058,307.3003,0,U,31661,999,99968,0.0007841500000000001,0.00001903,0
FENGYUN 1C DEB,1999-025CCL,2026-10-06T14:13:58.637,14.57273343,0.0245887,98.8255,50.4083,200.0248,159.117,0,U,31678,999,1151,0.0010303,0.00007005,0
FENGYUN 1C DEB,1999-025CDQ,2026-09-28T10:59:24.050,14.18157979,0.0157249,96.9295,353.2125,226.8649,131.9294,0,U,31717,999,98753,0.0014134,0.00003251,0
FENGYUN 1C DEB,1999-025CEJ,2026-10-07T13:12:44.326,14.44007133,0.0059662,98.593,31.2079,106.952,253.8221,0,U,31735,999,968,0.00042591,0.00001442,0
FENGYUN 1C DEB,1999-025CEV,2026-10-09T05:21:01.069,14.9303057,0.0017013,98.6025,73.6099,316.4804,43.507,0,U,31746,999,1318,0.0022434,0.00023404,0
FENGYUN 1C DEB,1999-025CFN,2026-10-04T04:09:41.123,13.50974187,0.0544027,98.5141,349.7948,23.6585,4.8431,0,U,31763,999,94994,0.00015278,0.00000215,0
FENGYUN 1C DEB,1999-025CGF,2026-10-09T00:37:14.816,14.70867436,0.0146377,99.2987,121.5671,210.7006,148.5573,0,U,31780,999,2898,0.0002637,0.0000183,0
FENGYUN 1C DEB,1999-025CHB,2026-10-09T04:11:52.996,14.50944351,0.0134918,99.433,42.3088,163.3441,197.2247,0,U,31813,999,1605,0.0003959,0.00001697,0
FENGYUN 1C DEB,1999-025CHQ,2026-10-08T19:06:15.180,14.19743641,0.0124554,98.649,270.6401,44.1682,76.6146,0,U,31826,999,70,0.00026344000000000004,0.0000056,0
FENGYUN 1C DEB,1999-025CJM,2026-10-03T10:30:27.304,14.15295458,0.008321,99.0174,356.9454,124.4685,236.4385,0,U,31847,999,61128,0.00090343,0.00001774,0
FENGYUN 1C DEB,1999-025CKJ,2026-10-09T02:45:48.389,14.70205774,0.0117633,99.0478,235.3786,220.6452,138.5927,0,U,31883,999,2374,0.00025349,0.0000163,0
FENGYUN 1C DEB,1999-025CLA,2026-10-07T05:34:37.142,13.84293776,0.0183167,102.0842,72.3518,160.8351,199.9802,0,U,31899,999,71693,0.0012654,0.00001544,0
FENGYUN 1C DEB,1999-025CLT,2026-10-09T02:47:12.304,14.34615124,0.0141183,99.3336,35.6782,307.2056,51.6309,0,U,31916,999,68831,0.00074654,0.00002305,0
FENGYUN 1C DEB,1999-025CMN,2026-10-04T03:04:00.726,14.82510125,0.0152775,99.2745,57.0521,94.2238,267.6446,0,U,31937,999,70440,0.0004333,0.0000419,0
FENGYUN 1C DEB,1999-025CNR,2026-10-07T08:09:31.382,14.64786086,0.0027656,98.716,64.9149,189.3901,170.6787,0,U,31964,999,71873,0.0013214000000000001,0.00007037,0
FENGYUN 1C DEB,1999-025CPP,2026-09-29T03:42:45.551,14.14999427,0.0124291,99.7505,242.9371,75.6459,285.8473,0,U,31986,999,70685,0.00022054000000000003,0.00000409,0
FENGYUN 1C DEB,1999-025CQA,2026-10-02T13:38:42.691,13.61666522,0.028418,102.5089,45.6918,329.3745,29.1059,0,U,31997,999,65681,0.0012017,0.00001138,0
FENGYUN 1C DEB,1999-025CQT,2026-10-09T00:15:32.021,14.03071725,0.0118199,99.0209,183.4402,123.8072,237.4415,0,U,32101,999,97391,0.0013541,0.00002196,0
FENGYUN 1C DEB,1999-025CRT,2026-10-07T06:58:26.277,14.77539154,0.015565,99.0657,301.1113,113.3846,248.3819,0,U,32125,999,74922,0.0008211000000000001,0.00007104,0
FENGYUN 1C DEB,1999-025CSF,2026-10-05T16:09:30.040,14.87057438,0.0171161,98.4776,69.0719,157.2257,203.6667,0,U,32137,999,71136,0.0008440499999999999,0.00009848,0
FENGYUN 1C DEB,1999-025CTF,2026-10-03T02:32:16.769,14.02107298,0.0135263,98.8403,16.6999,179.4831,180.6499,0,U,32161,999,67554,-0.000055114,-0.00000134,0
FENGYUN 1C DEB,1999-025CTW,2026-10-09T00:58:24.284,14.9842088,0.0023082,99.3758,14.7968,168.4393,191.7359,0,U,32176,999,65957,0.0023178,0.00027839,0
FENGYUN 1C DEB,1999-025CUN,2026-10-09T00:54:46.033,13.82708711,0.0182545,98.6149,133.2229,67.4915,294.5453,0,U,32192,999,96862,0.00022545,0.00000241,0
FENGYUN 1C DEB,1999-025CVL,2026-10-08T08:09:04.186,13.929717,0.0175502,99.0295,304.4406,302.565,70.269,0,U,32214,999,66590,0.0014585000000000002,0.00002105,0
FENGYUN 1C DEB,1999-025CWQ,2026-10-07T08:43:44.826,13.86212511,0.0158701,97.2535,128.4316,196.1586,163.4482,0,U,32242,999,67058,0.0007171300000000001,0.00000885,0
FENGYUN 1C DEB,1999-025CXM,2026-10-05T12:22:46.695,14.3747547,0.0054485,100.352,200.5787,297.5763,61.989,0,U,32320,999,66435,0.00051116,0.00001496,0
FENGYUN 1C DEB,1999-025CYK,2026-10-08T23:32:17.804,14.13499929,0.0007248,98.6707,286.3687,199.2499,189.7319,0,U,32342,999,97959,0.00006701399999999999,8.4e-7,0
FENGYUN 1C DEB,1999-025CZR,2026-10-02T15:42:34.116,13.36151291,0.045431,97.3074,79.4607,355.2647,4.4261,0,U,32372,999,64064,0.0007148,0.00000635,0
FENGYUN 1C DEB,1999-025DAS,2026-10-06T19:53:51.652,13.71750083,0.0367359,98.6847,281.8715,196.5936,162.2926,0,U,32430,999,95288,0.0010403,0.00001484,0
FENGYUN 1C DEB,1999-025DBW,2026-10-08T09:28:45.298,14.66076888,0.0038458,99.0214,335.2245,172.9729,187.2019,0,U,32458,999,72175,0.0006464400000000001,0.00003529,0
FENGYUN 1C DEB,1999-025DCV,2026-10-06T20:26:53.329,14.05323075,0.0111323,98.6165,238.8753,349.8057,10.0855,0,U,33612,999,60859,0.0007436000000000001,0.00001231,0
FENGYUN 1C DEB,1999-025DDW,2026-09-29T09:07:38.409,14.38471108,0.007964,98.4664,318.4657,4.7212,355.4709,0,U,33637,999,69014,0.00050647,0.0000156,0
FENGYUN 1C DEB,1999-025DER,2026-10-02T05:40:14.440,14.23200165,0.0087756,98.5995,266.1458,258.1362,100.9965,0,U,33656,999,66883,0.00018458,0.0000039,0
FENGYUN 1C DEB,1999-025DFP,2026-10-06T12:49:06.475,14.48380601,0.0203225,99.0214,10.3775,66.9908,295.2577,0,U,33678,999,99405,0.00015428,0.00000689,0
FENGYUN 1C DEB,1999-025DGJ,2026-10-07T02:27:28.065,14.15359448,0.0072081,99.015,28.4913,134.3437,226.3674,0,U,33697,999,97431,0.00090101,0.00001756,0
FENGYUN 1C DEB,1999-025DHL,2026-10-08T11:54:41.080,14.15280516,0.0099308,99.1478,14.3463,205.8363,217.4494,0,U,33723,999,67861,0.001409,0.00002829,0
FENGYUN 1C DEB,1999-025DJE,2026-10-07T04:15:41.438,14.11749378,0.012667,98.5552,184.9522,319.8298,39.3563,0,U,33741,999,61071,0.0011733000000000002,0.00002263,0
FENGYUN 1C DEB,1999-025DKH,2026-10-07T05:21:08.728,14.46022093,0.0109686,98.9647,282.8475,243.5744,115.4158,0,U,35105,999,98806,0.00013408000000000002,0.00000459,0
FENGYUN 1C DEB,1999-025DLP,2026-10-07T11:23:18.963,14.23076244,0.0082143,98.5635,286.0669,135.1312,225.6547,0,U,35135,999,92072,0.00025984,0.00000565,0
FENGYUN 1C DEB,1999-025DML,2026-10-07T09:48:30.568,14.10931904,0.0037037,98.7832,264.6141,25.246,335.0512,0,U,35156,999,68255,0.0001924,0.00000304,0
FENGYUN 1C DEB,1999-025DNF,2026-09-27T19:39:39.554,14.21692898,0.0058141,98.5747,275.9358,160.4522,199.8903,0,U,35175,999,65342,0.00018912,0.0000038,0
FENGYUN 1C DEB,1999-025DPJ,2026-10-09T02:26:49.533,13.35092097,0.037684,100.0663,328.4101,10.3091,350.5496,0,U,35202,999,60984,0.0006036500000000001,0.00000412,0
FENGYUN 1C DEB,1999-025DQP,2026-10-09T01:47:36.684,14.14548619,0.0036037,98.6789,322.5016,308.4041,51.3898,0,U,35231,999,95748,0.000023564,2e-8,0
FENGYUN 1C DEB,1999-025DRD,2026-10-09T03:11:06.156,14.14681544,0.0059687,99.0799,17.3767,144.7531,333.6424,0,U,35245,999,92022,0.0010721,0.00002053,0
FENGYUN 1C DEB,1999-025DSQ,2026-10-09T00:46:22.882,14.51142667,0.0069183,98.8105,208.0507,57.5803,303.2058,0,U,36167,999,71632,0.0006410599999999999,0.00002572,0
FENGYUN 1C DEB,1999-025DTY,2026-10-08T21:01:36.686,14.30016882,0.009029,98.2755,293.4673,257.3181,101.7896,0,U,36199,999,69269,0.00015511,0.00000377,0
FENGYUN 1C DEB,1999-025DUZ,2026-10-08T23:04:44.122,14.12885537,0.0114117,98.7387,327.7952,217.3196,142.001,0,U,36224,999,68671,0.000073934,0.00000103,0
FENGYUN 1C DEB,1999-025DVV,2026-10-09T07:00:51.302,14.26860413,0.0049975,98.9418,43.7098,138.6288,221.8693,0,U,36244,999,96262,0.0009168199999999999,0.00002209,0
FENGYUN 1C DEB,1999-025DWW,2026-10-08T08:11:40.775,14.28072801,0.023179,99.1415,241.7692,135.5442,226.4601,0,U,36269,999,91991,0.0002447,0.00000757,0
FENGYUN 1C DEB,1999-025DXP,2026-10-03T06:54:51.992,13.59558247,0.0289923,98.5143,29.1682,350.4065,9.1613,0,U,36645,999,61548,0.0013638,0.00001295,0
FENGYUN 1C DEB,1999-025DYW,2026-10-07T15:00:17.173,14.43982761,0.0094071,98.7519,193.79,319.145,158.7752,0,U,36676,999,69378,0.00022909,0.00000775,0
FENGYUN 1C DEB,1999-025DZN,2026-10-05T01:53:27.591,13.93810212,0.0113945,99.997,212.9156,309.2734,49.8359,0,U,36692,999,63933,0.00027765,0.00000334,0
FENGYUN 1C DEB,1999-025EAN,2026-10-08T14:03:18.870,13.88576593,0.0148918,99.2297,202.621,141.474,219.7159,0,U,36716,999,67092,0.00015335,0.00000158,0
FENGYUN 1C DEB,1999-025EBW,2026-10-06T08:08:47.960,13.57230919,0.0288363,96.5686,135.1453,288.4766,68.5244,0,U,36990,999,86924,0.00031448,0.00000269,0
FENGYUN 1C DEB,1999-025EDB,2026-10-06T11:49:45.429,14.36467883,0.0167813,98.5698,6.9478,162.3732,198.3375,0,U,37019,999,69033,0.00054944,0.00001845,0
FENGYUN 1C DEB,1999-025EEM,2026-10-09T05:23:42.054,14.57051398,0.0039112,99.1631,61.8263,347.366,134.9069,0,U,37053,999,69409,0.0007188,0.00003213,0
FENGYUN 1C DEB,1999-025EFM,2026-10-07T01:30:12.437,14.41833818,0.0095611,99.0214,16.9247,165.8035,194.5874,0,U,37077,999,89253,0.00021207000000000002,0.00000681,0
FENGYUN 1C DEB,1999-025EGN,2026-10-05T05:48:02.938,13.99999083,0.007206,98.8841,264.3022,167.8644,192.4277,0,U,37420,999,63913,0.00039375,0.0000055,0
FENGYUN 1C DEB,1999-025EHA,2026-10-04T18:57:29.073,14.55309752,0.017972,98.1755,289.7333,91.4895,270.6897,0,U,37432,999,12680,0.00032208,0.00001684,0
FENGYUN 1C DEB,1999-025EHR,2026-10-04T09:25:34.592,14.189295,0.0039849,98.7603,338.9519,102.7853,257.778,0,U,37447,999,67652,0.00035287000000000003,0.00000698,0
FENGYUN 1C DEB,1999-025EJY,2026-10-04T14:35:12.526,13.03922229,0.0549113,99.6586,234.9765,357.7022,2.1583,0,U,37478,999,60416,0.00084407,0.00000514,0
FENGYUN 1C DEB,1999-025ELB,2026-09-30T05:36:15.291,13.35580856,0.0396297,99.024,263.4088,38.9914,336.106,0,U,37686,999,64518,0.00035172999999999997,0.00000244,0
FENGYUN 1C DEB,1999-025ELY,2026-10-02T23:30:13.343,14.5779739,0.0139878,100.1964,351.0302,247.4537,291.9528,0,U,37707,999,89851,0.00021657000000000002,0.00001055,0
FENGYUN 1C DEB,1999-025ENF,2026-10-05T09:22:49.231,13.81094739,0.0161812,99.5684,328.5987,328.7998,94.6548,0,U,37906,999,63550,0.00028857,0.0000029,0
FENGYUN 1C DEB,1999-025ENW,2026-10-06T21:33:33.955,13.95301675,0.0083226,98.9847,318.9279,2.0529,358.0959,0,U,37921,999,67305,0.00023513,0.00000284,0
FENGYUN 1C DEB,1999-025EPV,2026-09-26T22:25:43.569,13.41053528,0.035508,97.811,162.8588,279.8058,76.3163,0,U,38124,999,58444,0.00014286,8.2e-7,0
FENGYUN 1C DEB,1999-025EQU,2026-10-09T06:50:39.172,14.24135004,0.0050863,98.55,293.3657,143.2744,217.1938,0,U,38147,999,64664,0.00032991,0.00000727,0
FENGYUN 1C DEB,1999-025ERS,2026-10-08T20:26:36.242,14.80126359,0.0025381,98.9861,294.5971,205.9202,154.0737,0,U,38169,999,65697,0.0012181,0.00009238,0
FENGYUN 1C DEB,1999-025ESJ,2026-10-09T02:02:26.985,13.76400804,0.0228002,98.4004,148.2144,50.9356,311.1842,0,U,38499,999,79690,0.0012956999999999999,0.00001497,0
FENGYUN 1C DEB,1999-025ETR,2026-10-08T19:34:39.256,14.18660689,0.0118245,98.7336,290.4852,291.5365,67.3241,0,U,38724,999,60874,0.0023048,0.00005081,0
FENGYUN 1C DEB,1999-025EUR,2026-10-05T09:40:35.762,14.26064678,0.0342816,98.3358,320.72,198.2387,175.8872,0,U,38801,999,68587,0.00029509,0.00001259,0
FENGYUN 1C DEB,1999-025EVY,2026-10-03T22:32:06.406,14.05376783,0.00845,99.2433,332.1934,305.9512,53.3837,0,U,38832,999,67903,0.00068472,0.00001099,0
FENGYUN 1C DEB,1999-025EWW,2026-10-03T09:28:47.775,13.95981394,0.0093498,99.3892,322.4712,69.0625,292.0512,0,U,40690,999,65486,0.00012482000000000001,0.00000131,0
FENGYUN 1C DEB,1999-025EXP,2026-10-08T06:11:27.236,14.55509095,0.0010211,99.2029,290.4658,266.8706,93.132,0,U,41009,999,63338,0.00097912,0.00004213,0
FENGYUN 1C DEB,1999-025EYF,2026-10-08T21:06:33.658,14.60937337,0.0031402,98.9196,76.0184,340.5605,19.4393,0,U,41828,999,51834,0.0022808,0.00011211,0
FENGYUN 1C DEB,1999-025EYR,2026-10-08T17:23:48.575,14.27951746,0.0052144,98.7476,359.1162,72.0239,288.6615,0,U,45526,999,47655,0.00089037,0.00002195,0
FENGYUN 1C DEB,1999-025EZG,2026-10-09T06:45:38.134,14.23770367,0.0165051,98.1469,283.9933,22.9615,350.7643,0,U,46451,999,61279,0.0018639,0.00004866,0
FENGYUN 1C DEB,1999-025FAB,2026-10-03T12:06:53.283,14.4083817,0.0049599,99.2861,4.3556,265.7166,93.8352,0,U,47001,999,78156,0.00072759,0.00002314,0
FENGYUN 1C DEB,1999-025FBF,2026-10-01T10:09:10.827,15.1716233,0.0091652,98.9236,328.8136,103.1015,258.0462,0,U,47029,999,7488,0.00085726,0.00018917,0
FENGYUN 1C DEB,1999-025FCJ,2026-09-19T06:46:30.964,14.01461741,0.0134498,98.7248,84.9872,127.4246,233.9249,0,U,49389,999,26776,0.0012521,0.00002006,0
IRIDIUM 33 DEB,1997-051L,2026-10-08T23:53:42.801,14.43784443,0.000925,86.396,293.3158,232.4034,127.6328,0,U,33773,999,92679,0.00015853000000000002,0.00000559,0
IRIDIUM 33 DEB,1997-051N,2026-10-08T23:38:31.236,14.42222507,0.0010429,86.3574,281.2868,246.1501,143.0867,0,U,33775,999,92467,0.00023761,0.00000803,0
IRIDIUM 33 DEB,1997-051P,2026-10-09T02:18:23.122,14.38647293,0.0012333,86.4026,314.6107,294.8503,82.8271,0,U,33776,999,92400,0.00014989,0.00000479,0
IRIDIUM 33 DEB,1997-051Q,2026-10-09T07:25:58.100,14.5740691,0.000555,86.3721,264.2358,342.9269,17.1752,0,U,33777,999,92909,0.0005080200000000001,0.00002324,0
IRIDIUM 33 DEB,1997-051T,2026-10-09T06:29:29.156,14.42873956,0.0009261,86.336,260.855,254.1863,170.799,0,U,33850,999,92485,0.00027515,0.00000938,0
IRIDIUM 33 DEB,1997-051W,2026-10-09T02:24:41.078,14.00032949,0.0213851,86.0002,217.9703,34.7456,23.1234,0,U,33853,999,89547,0.0008266500000000001,0.000015,0
IRIDIUM 33 DEB,1997-051AD,2026-10-09T04:35:57.761,14.71188737,0.0010397,86.3774,253.7291,36.646,336.0631,0,U,33860,999,93135,0.0008251199999999999,0.00005109,0
IRIDIUM 33 DEB,1997-051AK,2026-10-09T03:31:32.757,14.26846517,0.0110086,86.3048,325.7918,274.1537,104.5852,0,U,33866,999,91092,0.00041522,0.00001091,0
IRIDIUM 33 DEB,1997-051AP,2026-10-09T00:34:54.527,14.47118638,0.0018045,86.3694,289.4083,263.3826,124.3326,0,U,33870,999,92478,0.0003689,0.00001367,0
IRIDIUM 33 DEB,1997-051BA,2026-10-09T02:50:39.246,14.63693432,0.0054642,86.3873,335.2817,231.2014,158.0296,0,U,33881,999,91885,0.0010088,0.00005386,0
IRIDIUM 33 DEB,1997-051BD,2026-10-08T20:31:16.758,14.8468506,0.0011425,86.3641,233.3597,356.1533,62.8655,0,U,33884,999,93291,0.00082075,0.00006979,0
IRIDIUM 33 DEB,1997-051BF,2026-10-09T06:59:47.494,14.36330882,0.0013459,86.3791,300.716,352.4582,18.6462,0,U,33886,999,92366,0.000097397,0.00000305,0
IRIDIUM 33 DEB,1997-051BG,2026-10-08T20:37:47.325,14.37454773,0.0005966,86.3038,234.0245,0.1298,29.3538,0,U,33887,999,92476,0.00009739400000000001,0.00000311,0
IRIDIUM 33 DEB,1997-051BN,2026-10-09T06:53:22.570,14.57636608,0.0016839,86.3796,283.0657,158.992,212.2759,0,U,33953,999,92679,0.00047001,0.00002167,0
IRIDIUM 33 DEB,1997-051BV,2026-10-09T02:39:05.092,14.96600388,0.0003511,86.2557,146.4152,93.7227,59.3751,0,U,33960,999,93346,0.0011264,0.00012863,0
IRIDIUM 33 DEB,1997-051CB,2026-10-08T23:10:19.402,14.50628062,0.0005133,86.3861,277.0672,285.4933,103.9673,0,U,33966,999,92793,0.00030491000000000003,0.00001216,0
IRIDIUM 33 DEB,1997-051CE,2026-10-09T05:29:50.786,14.50657691,0.000721,86.3417,247.0459,164.3953,195.7476,0,U,34071,999,92689,0.00032049,0.00001278,0
IRIDIUM 33 DEB,1997-051CL,2026-10-08T22:55:51.373,14.69129522,0.001193,86.3791,278.7135,77.7023,311.2382,0,U,34077,999,92735,0.00092721,0.00005478,0
IRIDIUM 33 DEB,1997-051CN,2026-10-08T19:40:05.947,14.91937937,0.000829,86.3732,231.0486,22.501,5.9293,0,U,34079,999,93441,0.0013567000000000002,0.00013773,0
IRIDIUM 33 DEB,1997-051DA,2026-10-09T00:34:09.897,15.01360344,0.0021389,86.3409,287.0714,306.4006,53.5253,0,U,34091,999,92346,0.0033106999999999998,0.0004308,0
IRIDIUM 33 DEB,1997-051DG,2026-10-08T07:50:15.158,14.36506966,0.0082675,86.1982,228.902,100.9603,260.0908,0,U,34097,999,91418,0.00073995,0.00002278,0
IRIDIUM 33 DEB,1997-051DY,2026-10-09T04:56:29.018,14.44107826,0.0050792,86.2164,198.4707,179.4907,180.6355,0,U,34145,999,91972,0.00049537,0.00001743,0
IRIDIUM 33 DEB,1997-051DZ,2026-10-09T07:42:52.390,14.50631557,0.0024614,86.2849,216.803,308.3496,209.26,0,U,34146,999,92462,0.00057517,0.00002285,0
IRIDIUM 33 DEB,1997-051EN,2026-10-08T22:53:18.632,14.3910689,0.0028679,86.3449,280.1813,25.9005,334.3621,0,U,34159,999,92276,0.00023937,0.00000763,0
IRIDIUM 33 DEB,1997-051ES,2026-10-08T19:56:56.689,14.46045208,0.0019106,86.3271,232.4909,218.7193,170.2405,0,U,34350,999,92629,0.00022480000000000002,0.00000823,0
IRIDIUM 33 DEB,1997-051FJ,2026-10-08T23:33:19.988,14.56449878,0.0018429,86.3627,278.4158,202.2416,186.9232,0,U,34366,999,92549,0.00062313,0.00002794,0
IRIDIUM 33 DEB,1997-051FT,2026-10-08T09:25:36.564,14.1846208,0.0099812,86.427,61.7899,254.1143,132.0106,0,U,34375,999,90959,0.00025309,0.00000567,0
IRIDIUM 33 DEB,1997-051FU,2026-10-09T06:50:23.098,14.67383637,0.002143,86.2945,230.7275,219.7992,140.1652,0,U,34376,999,92408,0.0010167,0.00005787,0
IRIDIUM 33 DEB,1997-051GB,2026-10-09T07:18:09.792,15.14134325,0.0010279,86.3766,230.8803,90.3873,62.9166,0,U,34486,999,93508,0.0020713000000000003,0.00037946,0
IRIDIUM 33 DEB,1997-051GC,2026-10-08T21:06:06.507,14.43579101,0.0029264,86.3408,243.0983,214.3789,174.8499,0,U,34487,999,92578,0.00011879,0.00000424,0
IRIDIUM 33 DEB,1997-051GH,2026-10-08T18:30:31.971,14.30709879,0.0179895,86.4708,212.8006,350.8542,36.7328,0,U,34492,999,89342,0.0035939,0.00011244,0
IRIDIUM 33 DEB,1997-051GZ,2026-10-08T13:39:32.930,14.40154551,0.0061197,86.3726,335.3099,266.7185,92.7012,0,U,34508,999,91622,0.00055067,0.00001796,0
IRIDIUM 33 DEB,1997-051HN,2026-10-09T04:50:06.788,14.66553344,0.0003024,86.3737,257.8318,15.7201,344.4106,0,U,34521,999,92872,0.00054782,0.0000306,0
IRIDIUM 33 DEB,1997-051HS,2026-10-08T22:58:33.268,14.43533668,0.0005028,86.3668,278.6381,151.4599,238.0188,0,U,34525,999,92418,0.00021046000000000001,0.00000732,0
IRIDIUM 33 DEB,1997-051HW,2026-10-09T06:41:52.353,14.40945555,0.000293,86.358,267.2522,312.0451,48.0499,0,U,34529,999,92469,0.000094733,0.00000324,0
IRIDIUM 33 DEB,1997-051JF,2026-10-08T19:54:01.291,14.43961289,0.0037289,86.2751,233.9167,52.8779,328.2831,0,U,34538,999,92085,0.00049127,0.00001711,0
IRIDIUM 33 DEB,1997-051JH,2026-10-09T03:04:16.968,14.80751901,0.001222,86.3142,169.627,195.0481,320.6959,0,U,34540,999,93459,0.00092654,0.00007168,0
IRIDIUM 33 DEB,1997-051JZ,2026-10-08T22:41:59.329,14.15265439,0.0167913,86.3978,160.4145,70.6837,291.242,0,U,34648,999,89203,0.0013707,0.00003074,0
IRIDIUM 33 DEB,1997-051KC,2026-10-08T16:11:50.608,14.29336762,0.0128566,86.2851,12.4085,317.1468,41.9758,0,U,34651,999,90176,0.00088779,0.00002488,0
IRIDIUM 33 DEB,1997-051KD,2026-10-07T14:10:13.280,14.64210014,0.0028285,86.3344,206.6638,0.1928,120.2464,0,U,34652,999,92854,0.00042983,0.00002298,0
IRIDIUM 33 DEB,1997-051KM,2026-10-09T05:09:43.955,14.56525411,0.0011862,86.3716,266.2408,80.8323,292.7577,0,U,34690,999,92466,0.00061847,0.00002774,0
IRIDIUM 33 DEB,1997-051KT,2026-10-08T09:16:36.548,14.82896072,0.0044782,86.1767,245.7479,201.956,311.3164,0,U,34696,999,91090,0.0023436000000000004,0.00019387,0
IRIDIUM 33 DEB,1997-051LJ,2026-10-08T22:00:31.005,14.41131493,0.0014574,86.3335,263.8669,315.9838,72.9992,0,U,34765,999,91936,0.00024821,0.0000082,0
IRIDIUM 33 DEB,1997-051MH,2026-10-09T05:43:36.814,14.53947262,0.0019814,86.3869,281.3055,160.1183,331.9523,0,U,34833,999,92079,0.00037227,0.00001592,0
IRIDIUM 33 DEB,1997-051MY,2026-10-07T01:35:07.055,14.68711401,0.0022928,86.3343,192.6047,276.4226,145.9936,0,U,34896,999,91995,0.00041392,0.00002442,0
IRIDIUM 33 DEB,1997-051NF,2026-10-08T20:09:16.790,14.64380545,0.0072702,86.1308,227.7383,1.0108,28.0654,0,U,34926,999,90837,0.0029049,0.00015996,0
IRIDIUM 33 DEB,1997-051NR,2026-10-09T00:11:21.721,14.43052915,0.0019301,86.3643,288.6809,317.3915,71.8791,0,U,34985,999,91504,0.00033933000000000005,0.00001159,0
IRIDIUM 33 DEB,1997-051NX,2026-10-07T03:41:04.464,14.48757607,0.0008219,86.3221,238.6231,155.5142,204.6454,0,U,35051,999,91315,0.00032142,0.00001233,0
IRIDIUM 33 DEB,1997-051NY,2026-10-08T16:47:29.225,14.38803704,0.0011581,86.3267,251.8304,167.2985,192.8507,0,U,35052,999,91588,0.00011072,0.0000036,0
IRIDIUM 33 DEB,1997-051PM,2026-10-06T19:49:33.494,14.46244431,0.0013902,86.382,295.4359,228.1747,131.8269,0,U,35297,999,74733,0.00028522,0.00001041,0
IRIDIUM 33 DEB,1997-051PP,2026-10-08T22:24:32.429,14.42928942,0.0053416,86.2825,262.2214,188.0959,201.2954,0,U,35299,999,90657,0.00047483,0.00001634,0
IRIDIUM 33 DEB,1997-051QA,2026-10-08T21:27:22.629,14.50964975,0.0013181,86.3518,254.6137,170.9586,189.1859,0,U,35480,999,91382,0.00036672,0.0000147,0
IRIDIUM 33 DEB,1997-051QE,2026-10-06T12:45:58.357,15.26547008,0.0016663,86.3432,209.9248,93.2703,267.045,0,U,35484,999,66517,0.0023626,0.00062414,0
IRIDIUM 33 DEB,1997-051QJ,2026-10-07T03:09:31.551,14.88635343,0.0026287,86.328,162.6665,62.1291,298.2593,0,U,35488,999,92698,0.00059621,0.0000562,0
IRIDIUM 33 DEB,1997-051QN,2026-10-09T01:10:19.369,14.89131059,0.0006181,86.3556,207.7264,177.7459,182.3796,0,U,35616,999,92034,0.0011348,0.00010741,0
IRIDIUM 33 DEB,1997-051QQ,2026-10-08T13:33:22.166,14.5328164,0.0030007,86.3428,222.2462,90.0338,270.4307,0,U,35618,999,69747,0.00027701,0.00001178,0
IRIDIUM 33 DEB,1997-051QX,2026-10-09T04:46:20.253,14.32465163,0.0100705,86.1847,250.9074,308.6142,109.5814,0,U,35625,999,70339,0.0011121,0.00003202,0
IRIDIUM 33 DEB,1997-051RA,2026-10-07T04:02:31.279,14.71438085,0.0013346,86.3538,235.4479,32.1551,328.0476,0,U,35628,999,90830,0.00069842,0.00004355,0
IRIDIUM 33 DEB,1997-051RD,2026-10-08T22:07:48.264,14.47927553,0.0015693,86.3629,251.6231,191.9613,195.4751,0,U,35631,999,91540,0.00020582,0.00000784,0
IRIDIUM 33 DEB,1997-051RJ,2026-10-06T04:39:36.078,14.23590553,0.0151221,86.1004,249.4667,51.6605,5.9401,0,U,35680,999,64930,0.0015275,0.00003934,0
IRIDIUM 33 DEB,1997-051RX,2026-10-08T17:22:41.888,14.74429571,0.0017507,86.3337,189.469,239.7495,120.199,0,U,35744,999,91747,0.00055511,0.00003716,0
IRIDIUM 33 DEB,1997-051SF,2026-10-09T00:48:33.710,14.90314039,0.0009074,86.3389,191.0455,162.8374,197.3161,0,U,35797,999,91803,0.0011391,0.00011108,0
IRIDIUM 33 DEB,1997-051SQ,2026-10-06T04:45:23.996,14.59953453,0.0014819,86.3393,249.2919,131.0204,229.229,0,U,35806,999,90661,0.00063691,0.00003078,0
IRIDIUM 33 DEB,1997-051ST,2026-10-09T00:10:12.599,14.81261395,0.0009366,86.3308,197.8914,291.0904,68.9316,0,U,35809,999,91245,0.0009621499999999999,0.00007529,0
IRIDIUM 33 DEB,1997-051SW,2026-10-09T07:03:36.840,14.44113418,0.0015369,86.3697,290.485,259.1492,100.798,0,U,35846,999,75665,0.00027915000000000004,0.00000977,0
IRIDIUM 33 DEB,1997-051SY,2026-10-06T04:20:00.512,14.84894625,0.0003925,86.385,241.5243,228.2343,131.8545,0,U,35848,999,71096,0.001022,0.0000872,0
IRIDIUM 33 DEB,1997-051TA,2026-10-08T12:32:18.133,14.84998414,0.0005636,86.3509,207.0539,221.4822,138.5975,0,U,35850,999,75798,0.00090644,0.00007757,0
IRIDIUM 33 DEB,1997-051TY,2026-10-08T02:22:49.850,14.87968977,0.0006846,86.3455,205.2162,218.204,141.8701,0,U,35915,999,12528,0.0008097299999999999,0.00007453,0
IRIDIUM 33 DEB,1997-051UB,2026-10-08T20:21:09.055,14.53274758,0.0023603,86.3987,306.7827,241.0687,240.8518,0,U,35918,999,89563,0.00052167,0.00002192,0
IRIDIUM 33 DEB,1997-051US,2026-10-09T05:38:14.078,14.42116587,0.001683,86.3352,266.262,316.4147,100.8216,0,U,36011,999,68870,0.0002797,0.0000094,0
IRIDIUM 33 DEB,1997-051UT,2026-10-08T00:16:48.327,14.2228256,0.0227368,86.4416,186.5134,24.9195,336.2768,0,U,36012,999,69734,0.0027240999999999997,0.00007903,0
IRIDIUM 33 DEB,1997-051VK,2026-10-08T09:49:50.741,15.09805381,0.0016299,86.312,163.9202,51.9487,308.3219,0,U,36028,999,91626,0.0010211,0.00016595,0
IRIDIUM 33 DEB,1997-051VM,2026-10-03T15:12:11.198,14.47608717,0.0014434,86.3168,239.3519,263.2716,96.6844,0,U,36080,999,51679,0.00033298000000000003,0.00001247,0
IRIDIUM 33 DEB,1997-051VQ,2026-10-09T05:46:52.922,14.44121441,0.0024542,86.3377,264.6668,315.999,43.9257,0,U,36083,999,89785,0.00032227,0.00001127,0
IRIDIUM 33 DEB,1997-051VU,2026-10-03T23:12:48.240,14.76914589,0.0027159,86.2929,163.7004,222.2331,137.6797,0,U,36390,999,70615,0.00039561,0.00002823,0
IRIDIUM 33 DEB,1997-051VZ,2026-10-06T07:41:38.321,14.46715273,0.0007753,86.3738,285.0222,208.2308,151.8476,0,U,36483,999,69447,0.00026403,0.00000974,0
IRIDIUM 33 DEB,1997-051WG,2026-10-08T14:21:27.501,14.82511603,0.00059,86.3612,234.3495,78.604,281.5845,0,U,36490,999,90919,0.0010892,0.00008776,0
IRIDIUM 33 DEB,1997-051WK,2026-10-07T03:56:32.599,14.68634615,0.0013027,86.3538,238.6224,51.8896,308.3491,0,U,36493,999,78894,0.00064401,0.0000377,0
IRIDIUM 33 DEB,1997-051WP,2026-10-08T19:40:37.066,14.67479798,0.0044504,86.1511,113.2714,171.073,189.1286,0,U,36497,999,70047,0.0010084,0.0000582,0
IRIDIUM 33 DEB,1997-051XG,2026-10-08T02:20:28.411,14.28527404,0.0078126,86.1755,205.7919,102.9596,258.0335,0,U,37136,999,68771,0.00036792000000000004,0.00000972,0
IRIDIUM 33 DEB,1997-051XH,2026-10-08T05:56:23.693,14.53154055,0.0021177,86.3479,272.8006,269.3668,90.5111,0,U,37548,999,69879,0.0005082299999999999,0.00002129,0
IRIDIUM 33 DEB,1997-051XX,2026-10-09T06:35:57.154,14.5892099,0.002401,86.3683,272.2457,162.7385,259.9434,0,U,37562,999,90707,0.00052204,0.00002477,0
IRIDIUM 33 DEB,1997-051YA,2026-10-08T03:34:28.676,14.52637431,0.00134,86.347,238.9789,146.0387,214.168,0,U,37565,999,70182,0.00028017,0.00001169,0
IRIDIUM 33 DEB,1997-051YD,2026-10-09T06:34:52.185,14.55822127,0.0080698,86.329,34.6029,180.1927,179.9265,0,U,38017,999,65765,0.0041018,0.00018836,0
IRIDIUM 33 DEB,1997-051YJ,2026-10-06T04:27:14.877,14.43093406,0.0044805,86.2647,245.9131,143.3504,217.0776,0,U,38022,999,73481,0.00055442,0.00001902,0
IRIDIUM 33 DEB,1997-051YQ,2026-10-06T14:24:47.860,14.46910746,0.0026062,86.325,230.6737,209.3047,150.6695,0,U,38028,999,69801,0.00022832,0.00000852,0
IRIDIUM 33 DEB,1997-051ZC,2026-10-05T18:59:08.334,14.2770479,0.0062098,86.2886,282.1388,315.5222,219.2468,0,U,38228,999,89019,0.00021474,0.00000559,0
IRIDIUM 33 DEB,1997-051ZR,2026-10-09T03:34:01.390,14.56441943,0.0005209,86.3242,217.8496,94.5742,265.6062,0,U,38241,999,64571,0.0003953,0.00001776,0
IRIDIUM 33 DEB,1997-051AAB,2026-10-09T03:25:18.551,14.51835521,0.0025686,86.3422,238.9841,153.1484,207.1058,0,U,38474,999,69675,0.00033650000000000005,0.00001381,0
IRIDIUM 33 DEB,1997-051AAE,2026-10-01T15:42:54.027,13.62752373,0.0397986,86.411,357.0763,107.2998,257.2101,0,U,38477,999,58664,0.0017467,0.00002343,0
IRIDIUM 33 DEB,1997-051AAJ,2026-10-06T17:33:47.005,14.62335021,0.0055387,85.9584,29.4644,253.6838,105.8278,0,U,39777,999,64533,0.0009559400000000001,0.00004956,0
IRIDIUM 33 DEB,1997-051AAK,2026-10-08T22:43:06.030,14.56234016,0.0009583,86.3716,272.6563,91.8955,268.3351,0,U,39778,999,65059,0.00055688,0.00002484,0
IRIDIUM 33 DEB,1997-051AAN,2026-10-01T08:47:47.136,14.26114005,0.017322,86.3803,136.9412,54.7591,70.9451,0,U,39781,999,12271,0.0007115,0.00002013,0
IRIDIUM 33 DEB,1997-051ABL,2026-10-07T07:47:15.079,14.45965475,0.0008292,86.3772,286.0223,151.2168,266.508,0,U,40998,999,10995,0.00024131,0.00000879,0
IRIDIUM 33 DEB,1997-051ABN,2026-10-04T04:46:48.781,14.40795684,0.0195906,86.2743,65.4801,24.5878,150.2718,0,U,46435,999,12162,0.0013119,0.00005298,0
IRIDIUM 33 DEB,1997-051ABR,2026-10-04T15:36:35.397,14.43488089,0.0040662,86.2655,232.7295,73.4136,101.6579,0,U,46734,999,67277,0.0005259,0.00001816,0
IRIDIUM 33 DEB,1997-051ABX,2026-10-08T06:28:53.956,14.6205551,0.0020814,86.339,207.6252,31.0795,120.8381,0,U,46965,999,66642,0.00037363,0.00001903,0
IRIDIUM 33 DEB,1997-051ACD,2026-09-26T01:17:07.958,15.19190577,0.0007836,86.3136,195.2376,39.3222,333.1067,0,U,46971,999,68561,0.0033011000000000004,0.00070065,0
IRIDIUM 33 DEB,1997-051ACE,2026-10-05T17:39:42.153,14.51749801,0.0008798,86.3814,271.4204,176.3183,308.9957,0,U,46972,999,65880,0.00025966,0.00001064,0
IRIDIUM 33 DEB,1997-051ACG,2026-10-02T10:52:13.593,14.4968664,0.0083201,86.3002,336.404,287.9418,71.2728,0,U,46974,999,61757,0.00099209,0.00004008,0
COSMOS 2251 DEB,1993-036E,2026-10-09T07:41:57.920,14.32640555,0.0013703,74.035,134.8663,78.8705,93.9539,0,U,33757,999,92300,0.000029804000000000005,5.5e-7,0
COSMOS 2251 DEB,1993-036J,2026-10-09T03:31:54.329,14.43215634,0.0022182,74.0359,54.4312,63.5512,110.9601,0,U,33761,999,92567,0.00025817,0.00000844,0
COSMOS 2251 DEB,1993-036N,2026-10-09T06:48:55.744,15.31766256,0.0047383,73.9971,260.7022,269.9919,89.5854,0,U,33765,999,94188,0.0014047999999999999,0.00044854,0
COSMOS 2251 DEB,1993-036U,2026-10-09T02:16:46.456,14.76214887,0.0017503,74.0433,305.0729,270.8023,112.4448,0,U,33779,999,92953,0.0015107000000000002,0.00010464,0
COSMOS 2251 DEB,1993-036AE,2026-10-09T01:08:11.414,13.89130663,0.0240574,74.0618,297.5564,342.5891,46.1305,0,U,33789,999,89265,0.0003296,0.00000481,0
COSMOS 2251 DEB,1993-036AJ,2026-10-09T02:55:38.372,14.28513622,0.0076095,73.9812,323.5558,44.2913,347.0836,0,U,33793,999,91495,0.00032674,0.00000819,0
COSMOS 2251 DEB,1993-036AP,2026-10-08T23:58:57.631,14.44869751,0.0091606,74.0279,296.4952,343.0876,40.5662,0,U,33798,999,92930,0.000079393,0.00000261,0
COSMOS 2251 DEB,1993-036BC,2026-10-09T07:20:15.364,15.17688984,0.0028002,73.8283,32.8852,51.1662,340.0879,0,U,33811,999,94560,0.0011082,0.00022592,0
COSMOS 2251 DEB,1993-036BL,2026-10-09T07:05:53.932,14.33129147,0.0087567,74.181,25.724,162.9633,228.7011,0,U,33819,999,91800,0.0004367,0.00001226,0
COSMOS 2251 DEB,1993-036BQ,2026-10-09T04:14:49.502,13.99533676,0.0206379,73.8115,342.4983,55.061,337.0139,0,U,33823,999,89812,0.00032041,0.00000537,0
COSMOS 2251 DEB,1993-036BT,2026-10-09T05:19:43.841,14.55057363,0.0081955,74.064,203.2356,173.0796,337.4791,0,U,33826,999,92135,0.0008387900000000001,0.00003755,0
COSMOS 2251 DEB,1993-036BZ,2026-10-09T04:01:42.187,14.63879198,0.0024674,74.0564,354.9838,310.3618,75.2719,0,U,33832,999,92817,0.0006003100000000001,0.00003122,0
COSMOS 2251 DEB,1993-036CE,2026-10-09T05:49:36.718,14.51206294,0.0033963,74.0123,209.569,355.3948,4.6895,0,U,33837,999,93154,0.00014542,0.00000553,0
COSMOS 2251 DEB,1993-036CJ,2026-10-08T22:31:54.920,14.38179442,0.0019918,74.0355,85.1567,96.2765,64.6711,0,U,33841,999,92429,0.00013066,0.00000371,0
COSMOS 2251 DEB,1993-036CR,2026-10-09T03:20:18.981,14.45747633,0.0042831,74.0292,157.7876,145.0641,12.5428,0,U,33848,999,92170,0.0005266100000000001,0.00001861,0
COSMOS 2251 DEB,1993-036CZ,2026-10-09T02:29:11.707,14.19768718,0.0122303,73.7676,330.987,96.4365,291.1803,0,U,33896,999,91002,0.00039693000000000004,0.0000088,0
COSMOS 2251 DEB,1993-036DJ,2026-10-09T00:24:28.445,14.362874,0.0056676,73.8838,120.4136,306.2301,215.0331,0,U,33905,999,91997,0.00030541000000000005,0.00000881,0
COSMOS 2251 DEB,1993-036DM,2026-10-09T07:20:27.886,14.09186478,0.0219351,73.8364,31.4169,0.3894,359.7372,0,U,33908,999,89705,0.00054114,0.00001148,0
COSMOS 2251 DEB,1993-036DS,2026-10-09T04:00:16.515,14.49455557,0.0047101,74.035,340.2487,6.5813,24.8945,0,U,33913,999,92809,0.00020546,0.00000769,0
COSMOS 2251 DEB,1993-036DV,2026-10-08T23:36:15.205,13.68829645,0.0323598,74.0492,267.177,12.0734,17.1169,0,U,33916,999,87999,0.00035652000000000004,0.00000421,0
COSMOS 2251 DEB,1993-036EB,2026-10-08T13:23:11.190,14.50275024,0.0023383,74.046,305.1728,335.5595,181.7699,0,U,33922,999,92923,0.00018076,0.00000679,0
COSMOS 2251 DEB,1993-036EM,2026-10-09T06:07:15.200,14.39417252,0.0035987,74.0311,121.3141,127.6427,232.8002,0,U,33932,999,92321,0.00022314,0.00000674,0
COSMOS 2251 DEB,1993-036ER,2026-10-09T04:38:04.071,14.61850189,0.0028622,74.0166,182.3894,258.3356,101.4598,0,U,33936,999,93278,0.00029064,0.0000143,0
COSMOS 2251 DEB,1993-036EV,2026-10-08T23:58:20.877,14.60967265,0.0013708,74.0368,290.5714,289.7273,100.0305,0,U,33940,999,92976,0.00047920000000000005,0.00002322,0
COSMOS 2251 DEB,1993-036FA,2026-10-09T05:46:47.151,14.34780331,0.0022093,74.0271,115.5547,134.0493,226.2484,0,U,33945,999,92325,0.000071232,0.00000176,0
COSMOS 2251 DEB,1993-036FF,2026-10-09T04:35:07.119,14.38799392,0.011852,73.9966,355.9264,93.3581,297.2389,0,U,33972,999,91392,0.00062871,0.00002071,0
COSMOS 2251 DEB,1993-036FP,2026-10-09T05:09:56.344,14.60141068,0.0029964,74.0193,205.8892,271.0617,239.9697,0,U,33980,999,93178,0.00035932,0.0000171,0
COSMOS 2251 DEB,1993-036FT,2026-10-09T06:17:01.152,14.68621941,0.0023383,74.0048,125.569,241.5374,241.5455,0,U,33984,999,93475,0.00035685000000000003,0.00002051,0
COSMOS 2251 DEB,1993-036FZ,2026-10-08T18:42:37.217,13.50311638,0.040429,73.927,164.1749,128.8846,300.6933,0,U,33990,999,86779,0.00029345,0.00000293,0
COSMOS 2251 DEB,1993-036GE,2026-10-09T01:02:34.340,14.35933249,0.0061957,74.0584,289.3288,230.6419,128.9235,0,U,33995,999,91828,0.00043074000000000004,0.00001251,0
COSMOS 2251 DEB,1993-036GN,2026-10-09T00:56:19.405,13.85182636,0.0275442,74.0752,139.1134,181.1119,178.9433,0,U,34003,999,88582,0.00092316,0.00001385,0
COSMOS 2251 DEB,1993-036GR,2026-10-08T20:55:47.711,15.26165612,0.0004518,74.051,244.5274,223.6158,164.17,0,U,34006,999,93198,0.0037574,0.00098427,0
COSMOS 2251 DEB,1993-036GU,2026-10-09T07:45:11.278,14.33408554,0.0027112,74.036,147.5468,148.3009,334.0222,0,U,34009,999,92252,0.000072248,0.00000174,0
COSMOS 2251 DEB,1993-036HA,2026-10-09T02:10:10.238,14.62168246,0.0022633,74.0225,304.6858,320.7433,65.4434,0,U,34015,999,92918,0.00054943,0.00002745,0
COSMOS 2251 DEB,1993-036HG,2026-10-09T06:30:05.181,14.50705495,0.0020345,74.0339,285.1169,348.1526,24.6658,0,U,34021,999,92987,0.00020296,0.00000772,0
COSMOS 2251 DEB,1993-036HK,2026-10-08T22:56:19.156,14.35649413,0.0020469,74.0441,125.6147,107.6139,320.9601,0,U,34024,999,92332,0.00010462000000000001,0.00000277,0
COSMOS 2251 DEB,1993-036HS,2026-10-09T03:34:06.036,14.62131609,0.0024195,74.0099,280.5844,319.3689,160.8326,0,U,34031,999,92953,0.0005179200000000001,0.00002585,0
COSMOS 2251 DEB,1993-036HY,2026-10-09T06:08:04.443,14.35386142,0.0054422,74.0502,220.0252,197.8312,162.0933,0,U,34037,999,92028,0.00023641000000000002,0.00000664,0
COSMOS 2251 DEB,1993-036JH,2026-10-09T03:25:23.154,14.48589905,0.0076425,74.0369,168.4023,178.0502,341.0043,0,U,34046,999,92173,0.00058837,0.00002267,0
COSMOS 2251 DEB,1993-036JT,2026-10-08T22:59:38.765,14.22134441,0.0127944,74.0555,258.6776,234.9371,154.9018,0,U,34056,999,90677,0.00069412,0.00001646,0
COSMOS 2251 DEB,1993-036JY,2026-10-08T21:08:38.503,14.40848914,0.001966,74.038,68.3281,74.6591,79.3835,0,U,34061,999,92502,0.00018284,0.00000561,0
COSMOS 2251 DEB,1993-036KC,2026-10-08T20:07:24.887,14.38300686,0.0015543,74.0349,65.2195,93.9117,66.1965,0,U,34065,999,92519,0.000084312,0.00000231,0
COSMOS 2251 DEB,1993-036KL,2026-10-09T05:54:02.296,14.83650454,0.0027296,74.008,7.1555,112.7518,247.6549,0,U,34115,999,93863,0.00056313,0.00004647,0
COSMOS 2251 DEB,1993-036KP,2026-10-08T16:06:11.604,15.0594082,0.0047519,73.9506,356.1523,108.9648,42.9412,0,U,34118,999,93674,0.0010626,0.00015858,0
COSMOS 2251 DEB,1993-036KT,2026-10-08T23:05:32.176,14.68321803,0.0076371,74.033,259.2597,79.1228,309.6303,0,U,34122,999,93087,0.00071778,0.00004301,0
COSMOS 2251 DEB,1993-036LA,2026-10-08T22:47:58.130,14.80110465,0.0032707,74.029,109.6535,118.7436,241.7033,0,U,34129,999,65734,0.0008194200000000001,0.00006243,0
COSMOS 2251 DEB,1993-036LL,2026-10-08T19:44:30.649,14.62558969,0.004075,74.0298,40.1376,38.1533,120.3748,0,U,34139,999,92532,0.00079238,0.00004042,0
COSMOS 2251 DEB,1993-036LR,2026-10-08T20:22:44.379,14.77396841,0.0019359,74.0195,332.5572,316.0338,163.2648,0,U,34271,999,92658,0.001108,0.00007882,0
COSMOS 2251 DEB,1993-036LW,2026-10-09T07:08:53.081,14.58721263,0.0023481,74.0211,233.051,297.4871,212.9857,0,U,34276,999,92973,0.00038318000000000005,0.00001765,0
COSMOS 2251 DEB,1993-036MY,2026-10-09T03:58:45.613,14.40541828,0.0074411,74.1762,293.1972,62.1523,49.6245,0,U,34302,999,92045,0.00040077,0.00001293,0
COSMOS 2251 DEB,1993-036ND,2026-10-09T04:21:49.484,13.54798311,0.0392027,74.0542,190.8015,316.2464,197.5827,0,U,34307,999,86930,0.00061992,0.00000672,0
COSMOS 2251 DEB,1993-036NP,2026-10-08T09:45:14.421,13.65462986,0.033627,73.9212,262.2499,195.5816,319.1534,0,U,34317,999,87709,0.00021971,0.00000241,0
COSMOS 2251 DEB,1993-036NX,2026-10-08T17:40:51.375,14.05735628,0.0191291,73.8713,23.5452,344.0088,138.5718,0,U,34325,999,89729,0.0006823399999999999,0.00001287,0
COSMOS 2251 DEB,1993-036PR,2026-10-09T06:49:29.085,14.73704288,0.0016896,74.0174,224.4231,63.7534,86.7426,0,U,34343,999,93152,0.00078188,0.00005087,0
COSMOS 2251 DEB,1993-036QC,2026-10-09T05:18:21.843,14.44390913,0.0037586,74.0429,13.0789,35.1224,351.3735,0,U,34387,999,92519,0.00016983000000000002,0.00000563,0
COSMOS 2251 DEB,1993-036QM,2026-10-08T22:40:16.148,14.80890324,0.0009533,74.0253,254.0463,243.7881,146.423,0,U,34396,999,92782,0.0011689,0.00009017,0
COSMOS 2251 DEB,1993-036RE,2026-10-08T21:25:10.824,14.30643297,0.0090944,74.0281,78.8958,84.7136,65.8453,0,U,34413,999,91421,0.00066085,0.00001781,0
COSMOS 2251 DEB,1993-036RX,2026-10-08T22:44:51.694,14.40243933,0.0060018,74.0486,109.132,105.9079,254.8702,0,U,34430,999,92276,0.00021940000000000002,0.00000683,0
COSMOS 2251 DEB,1993-036SA,2026-10-09T04:17:33.412,14.14130276,0.0148327,74.0106,342.1048,50.8379,310.5831,0,U,34433,999,90195,0.00012499,0.0000024,0
COSMOS 2251 DEB,1993-036SS,2026-10-09T03:33:42.137,15.16961357,0.002356,74.0289,173.6526,153.9317,356.3964,0,U,34449,999,93216,0.0022788,0.00045557,0
COSMOS 2251 DEB,1993-036SX,2026-10-09T04:13:30.039,14.39149093,0.0034419,74.0565,84.1539,73.2433,287.2493,0,U,34454,999,92389,0.00012312,0.00000358,0
COSMOS 2251 DEB,1993-036TR,2026-10-09T02:15:14.217,13.71037232,0.0326715,74.084,323.8014,24.3874,337.2312,0,U,34472,999,87842,0.00075895,0.00000969,0
COSMOS 2251 DEB,1993-036TW,2026-10-09T06:06:22.758,14.5836461,0.0074296,73.9777,216.031,329.7493,181.013,0,U,34477,999,93004,0.00042279,0.00002002,0
COSMOS 2251 DEB,1993-036UE,2026-10-08T19:07:04.279,13.55063125,0.0381833,73.9133,78.0907,50.8931,13.4372,0,U,34544,999,86946,0.0003117,0.00000323,0
COSMOS 2251 DEB,1993-036UH,2026-10-08T06:42:31.148,14.77426957,0.0020928,74.0272,234.7815,242.202,117.7034,0,U,34547,999,92939,0.00073384,0.00005213,0
COSMOS 2251 DEB,1993-036US,2026-10-08T09:38:50.558,14.85884047,0.0011748,74.0112,251.5526,250.6127,266.3073,0,U,34556,999,92769,0.0009624000000000001,0.00008373,0
COSMOS 2251 DEB,1993-036VA,2026-10-09T03:12:54.518,14.41089607,0.0018011,74.0338,42.0168,74.9223,349.4965,0,U,34564,999,92333,0.00012313,0.00000371,0
COSMOS 2251 DEB,1993-036VG,2026-10-09T01:55:39.254,14.00353042,0.0190748,73.9584,55.6761,235.0557,244.6933,0,U,34570,999,89804,0.0004935,0.0000083,0
COSMOS 2251 DEB,1993-036VL,2026-10-09T04:05:52.103,14.74096885,0.0063156,74.0674,179.1993,123.491,34.0953,0,U,34574,999,93201,0.00046654000000000004,0.00003141,0
COSMOS 2251 DEB,1993-036VU,2026-10-08T20:58:29.938,14.44285607,0.0048066,74.0174,73.6865,112.8802,247.744,0,U,34582,999,92279,0.00036278,0.00001238,0
COSMOS 2251 DEB,1993-036WC,2026-10-09T07:46:51.376,14.55112255,0.0068983,74.0413,113.7872,167.9479,4.817,0,U,34590,999,93492,0.000072542,0.00000293,0
COSMOS 2251 DEB,1993-036WG,2026-10-09T01:44:29.910,14.7413422,0.0023206,74.0508,237.2198,207.2008,278.5754,0,U,34611,999,92810,0.0010537,0.00006952,0
COSMOS 2251 DEB,1993-036WL,2026-10-09T03:12:50.539,13.5254098,0.0398184,74.0064,172.2843,17.4085,131.7954,0,U,34615,999,86876,0.00047347000000000003,0.00000496,0
COSMOS 2251 DEB,1993-036WT,2026-10-08T13:09:16.964,14.22909755,0.0106079,74.0388,128.6217,140.9622,247.3075,0,U,34622,999,90723,0.00050612,0.00001181,0
COSMOS 2251 DEB,1993-036XG,2026-10-09T05:23:49.392,14.71579428,0.0030794,74.0437,208.1845,202.3244,308.4086,0,U,34635,999,77635,0.00053125,0.00003296,0
COSMOS 2251 DEB,1993-036XP,2026-10-08T04:45:09.474,13.99907942,0.0206909,74.0041,180.6286,292.5577,224.8813,0,U,34642,999,89482,0.0005032400000000001,0.00000863,0
COSMOS 2251 DEB,1993-036XY,2026-10-09T04:55:59.918,14.30102702,0.0025019,74.038,179.4265,160.0408,358.7027,0,U,34678,999,91674,0.000012842999999999999,8e-8,0
COSMOS 2251 DEB,1993-036YC,2026-10-08T19:54:29.040,14.60529462,0.0020089,74.0369,230.5641,279.8563,106.8772,0,U,34682,999,93065,0.00040208,0.00001928,0
COSMOS 2251 DEB,1993-036YK,2026-10-08T20:01:19.395,14.07713649,0.0224488,74.0864,59.6738,55.4428,93.1626,0,U,34689,999,88560,0.0014219999999999999,0.00003007,0
COSMOS 2251 DEB,1993-036YU,2026-10-09T00:53:31.106,14.60510169,0.0043688,74.0259,132.9193,207.0165,152.8728,0,U,34726,999,92885,0.00021768000000000002,0.00001039,0
COSMOS 2251 DEB,1993-036ZA,2026-10-08T08:25:43.389,14.47532022,0.004003,74.0433,253.1856,326.3576,184.2762,0,U,34732,999,92478,0.000068024,0.00000225,0
COSMOS 2251 DEB,1993-036ZW,2026-10-08T23:09:29.513,15.07115641,0.0044949,74.0072,105.6299,155.133,205.2041,0,U,34752,999,94363,0.0007330100000000001,0.00011243,0
COSMOS 2251 DEB,1993-036ZZ,2026-10-09T01:49:20.155,13.51022529,0.0404713,73.9235,167.0895,131.6503,301.0907,0,U,34755,999,86579,0.00039639000000000005,0.00000409,0
COSMOS 2251 DEB,1993-036AAE,2026-10-09T00:31:45.520,14.20122076,0.0096205,74.0607,126.195,106.5294,44.0188,0,U,34760,999,90950,0.00024954,0.00000533,0
COSMOS 2251 DEB,1993-036AAT,2026-10-08T20:30:56.955,14.25409552,0.0099162,74.0527,62.9267,52.1379,99.1301,0,U,34790,999,90848,0.00030625000000000004,0.00000736,0
COSMOS 2251 DEB,1993-036AAZ,2026-10-08T23:00:16.278,14.49888054,0.0097757,74.0319,12.7985,40.4535,79.0263,0,U,34796,999,92377,0.00027712,0.00001109,0
COSMOS 2251 DEB,1993-036ABD,2026-10-09T06:22:57.278,14.37971707,0.0053476,73.8925,127.5733,312.0691,170.435,0,U,34814,999,91651,0.00033071,0.00000989,0
COSMOS 2251 DEB,1993-036ABH,2026-10-07T12:00:35.569,14.37291724,0.0023928,74.033,107.4377,114.6613,274.1465,0,U,34818,999,91662,0.00011215,0.00000309,0
COSMOS 2251 DEB,1993-036ABP,2026-10-05T10:42:20.152,14.46320011,0.0020617,74.0248,314.2856,40.1893,320.0785,0,U,34845,999,91755,0.00012128,0.00000409,0
COSMOS 2251 DEB,1993-036ABY,2026-10-09T07:12:18.686,14.78806456,0.0064219,74.0267,288.1778,320.9373,38.7173,0,U,34854,999,76322,0.00034182,0.00002566,0
COSMOS 2251 DEB,1993-036ACM,2026-10-08T21:29:50.269,14.37507338,0.0052697,74.0369,241.8404,197.9728,193.1068,0,U,34874,999,91356,0.0003302,0.00000979,0
COSMOS 2251 DEB,1993-036ACS,2026-10-08T02:43:35.526,13.3998539,0.0489256,73.9056,180.6954,207.9564,149.4458,0,U,34879,999,62349,0.00043672,0.00000458,0
COSMOS 2251 DEB,1993-036ACX,2026-10-09T02:56:42.080,15.0618405,0.0008574,74.0107,166.5759,182.415,327.924,0,U,34884,999,92305,0.0021297,0.00031328,0
COSMOS 2251 DEB,1993-036ADE,2026-10-09T04:51:51.243,14.79508482,0.0083369,74.0153,204.9549,263.1216,96.0471,0,U,34909,999,71293,0.00022472,0.00001743,0
COSMOS 2251 DEB,1993-036ADJ,2026-10-09T04:05:21.352,14.34706185,0.0020279,74.0258,91.8921,134.2382,347.507,0,U,34913,999,69496,0.000028968,5.6e-7,0
COSMOS 2251 DEB,1993-036ADX,2026-10-08T08:15:30.587,14.14877226,0.0218926,73.7499,51.1512,210.5508,148.2733,0,U,34944,999,68319,0.00050725,0.00001206,0
COSMOS 2251 DEB,1993-036AEG,2026-10-08T03:14:32.087,14.71639435,0.0053629,74.0914,168.4364,81.8965,67.9617,0,U,34953,999,92529,0.00038977,0.0000245,0
COSMOS 2251 DEB,1993-036AES,2026-10-03T13:06:54.258,14.53347513,0.0040532,74.1692,211.5167,315.6385,44.1533,0,U,34963,999,91081,0.0005985000000000001,0.00002488,0
COSMOS 2251 DEB,1993-036AEW,2026-10-06T16:07:01.040,14.45310967,0.0038429,73.9919,57.5041,134.8765,225.5525,0,U,34967,999,69260,0.00034889999999999997,0.00001209,0
COSMOS 2251 DEB,1993-036AFA,2026-10-07T03:25:21.078,14.56045545,0.0070496,73.9767,77.324,231.9634,247.3952,0,U,34971,999,70515,0.00010604,0.00000451,0
COSMOS 2251 DEB,1993-036AFF,2026-10-09T04:37:42.216,14.80472268,0.0043635,74.0532,76.0694,45.7516,128.595,0,U,34976,999,92715,0.00033146,0.00002542,0
COSMOS 2251 DEB,1993-036AFV,2026-10-07T20:15:12.457,14.48020748,0.009133,73.8759,106.7467,21.2725,339.219,0,U,34997,999,75073,0.0005428,0.00002096,0
COSMOS 2251 DEB,1993-036AGB,2026-10-06T09:24:29.968,14.8068996,0.0009997,73.9961,177.3588,248.3295,111.6818,0,U,35014,999,75735,0.00083356,0.00006387,0
COSMOS 2251 DEB,1993-036AGF,2026-10-07T13:40:05.733,13.67891336,0.0343939,73.9791,337.5131,186.6621,172.9865,0,U,35018,999,87271,0.0006767499999999999,0.00000844,0
COSMOS 2251 DEB,1993-036AGL,2026-10-09T06:04:16.197,15.05563493,0.0030161,74.034,320.8371,322.1306,155.4655,0,U,35023,999,92788,0.00089685,0.00013036,0
COSMOS 2251 DEB,1993-036AGR,2026-10-09T02:35:53.055,14.56776187,0.0082209,74.0378,60.8574,119.6086,355.0708,0,U,35028,999,92659,0.00006140799999999999,0.00000257,0
COSMOS 2251 DEB,1993-036AGW,2026-10-06T10:30:51.086,14.52192415,0.0014156,74.027,335.7058,2.7131,357.4105,0,U,35033,999,70247,0.00027761,0.00001099,0
COSMOS 2251 DEB,1993-036AHJ,2026-10-05T15:06:02.769,14.00911917,0.0178023,73.717,248.1178,85.7053,276.4398,0,U,35045,999,88800,0.00034423,0.00000566,0
COSMOS 2251 DEB,1993-036AHR,2026-10-08T23:16:48.521,14.25068649,0.0126506,74.0749,273.7424,201.8826,157.6892,0,U,35062,999,89773,0.00088561,0.00002231,0
COSMOS 2251 DEB,1993-036AJC,2026-10-05T16:52:47.896,15.31511046,0.0013662,73.9785,70.3412,104.0432,256.2291,0,U,35073,999,71978,0.0028011000000000004,0.00086454,0
COSMOS 2251 DEB,1993-036AJS,2026-10-06T08:58:44.240,14.68516313,0.0035864,73.9484,157.5918,316.2444,43.5884,0,U,35288,999,92243,0.0005107800000000001,0.00002958,0
COSMOS 2251 DEB,1993-036AKC,2026-10-05T16:56:36.595,14.2644028,0.008611,74.0415,37.2175,36.267,324.4272,0,U,35434,999,90351,0.00025264,0.00000607,0
COSMOS 2251 DEB,1993-036AKJ,2026-10-03T11:52:27.363,14.70143918,0.0067006,74.0161,355.7244,62.6927,298.1045,0,U,35440,999,73095,0.00015082000000000002,0.00000905,0
COSMOS 2251 DEB,1993-036AKM,2026-10-05T19:57:08.896,15.70133584,0.0008466,73.9416,66.113,57.5367,302.6673,0,U,35443,999,91392,0.0093792,0.01266641,0
COSMOS 2251 DEB,1993-036AKS,2026-10-07T07:20:48.538,14.56110429,0.0010702,73.9,239.3784,331.7436,28.3145,0,U,35448,999,91678,0.00041877,0.00001819,0
COSMOS 2251 DEB,1993-036ALA,2026-10-09T06:55:31.014,14.74763648,0.0056889,73.9463,249.2871,24.882,335.5076,0,U,35456,999,70299,0.0011303,0.00007737,0
COSMOS 2251 DEB,1993-036ALK,2026-10-06T15:45:50.366,14.45015218,0.0062203,74.0009,1.0259,91.0058,269.8228,0,U,35465,999,91544,0.00017666,0.00000604,0
COSMOS 2251 DEB,1993-036ALW,2026-10-08T21:20:28.657,14.82286065,0.001366,73.9758,187.9545,116.7568,3.615,0,U,35476,999,92326,0.0010509,0.00008386,0
COSMOS 2251 DEB,1993-036AMA,2026-10-08T20:43:58.657,13.55931115,0.0386688,73.9138,85.3403,53.8726,309.7526,0,U,35583,999,86479,0.00033273000000000005,0.00000357,0
COSMOS 2251 DEB,1993-036AME,2026-10-08T03:22:15.350,14.72261841,0.010118,74.0042,194.9006,306.8634,52.3293,0,U,35587,999,70751,0.00011627999999999999,0.00000758,0
COSMOS 2251 DEB,1993-036AMV,2026-10-07T06:37:41.153,15.47391934,0.006927,73.9886,253.4851,239.4608,184.5039,0,U,35602,999,94692,0.0002947,0.00016557,0
COSMOS 2251 DEB,1993-036ANH,2026-10-08T21:37:31.894,14.69452843,0.0073034,73.9548,104.1406,245.8356,113.5167,0,U,35614,999,92135,0.00049289,0.00003007,0
COSMOS 2251 DEB,1993-036ANN,2026-10-09T03:58:02.574,14.44765173,0.0046457,74.0191,95.0728,123.3074,237.2545,0,U,35647,999,72001,0.00037769999999999997,0.00001302,0
COSMOS 2251 DEB,1993-036APC,2026-10-05T12:48:58.286,14.89940794,0.0085184,74.0116,206.2649,233.6586,125.6713,0,U,35661,999,92284,0.00037836,0.00003862,0
COSMOS 2251 DEB,1993-036APK,2026-10-08T21:51:15.698,14.64676126,0.0081327,74.0472,3.9548,31.6625,328.9396,0,U,35668,999,92041,0.00011641,0.00000617,0
COSMOS 2251 DEB,1993-036APN,2026-10-09T07:40:52.048,14.48704393,0.0040716,74.0164,235.5329,333.4602,177.9889,0,U,35671,999,91115,0.00012162,0.00000435,0
COSMOS 2251 DEB,1993-036APY,2026-10-08T08:25:02.405,14.94247386,0.0062011,74.0396,160.8622,152.7227,207.7238,0,U,35703,999,71086,0.00029798000000000004,0.00003281,0
COSMOS 2251 DEB,1993-036AQG,2026-10-05T13:04:01.382,14.64454907,0.0083297,74.0479,10.5715,35.0464,325.6145,0,U,35711,999,92115,0.00008324500000000001,0.0000043,0
COSMOS 2251 DEB,1993-036AQP,2026-10-04T06:26:51.383,14.7300815,0.0013868,74.0288,275.6791,258.054,101.9078,0,U,35718,999,70186,0.00056574,0.00003609,0
COSMOS 2251 DEB,1993-036ARD,2026-09-29T13:13:19.847,14.65660004,0.0074872,74.0399,16.3643,60.4192,300.4411,0,U,35759,999,70395,0.00011019,0.00000591,0
COSMOS 2251 DEB,1993-036ART,2026-10-09T06:57:17.315,14.63491336,0.0046341,74.0041,123.6061,207.6402,152.2301,0,U,35773,999,91234,0.00026343,0.00001354,0
COSMOS 2251 DEB,1993-036ASG,2026-10-05T02:19:00.010,14.68921917,0.0036184,74.0127,190.3529,243.0452,116.7021,0,U,35786,999,77756,0.0005059099999999999,0.00002958,0
COSMOS 2251 DEB,1993-036ASW,2026-10-07T06:19:10.657,13.89328612,0.025435,73.8421,255.1299,287.3877,69.9582,0,U,35824,999,88372,0.0009296100000000001,0.00001442,0
COSMOS 2251 DEB,1993-036ATC,2026-10-06T03:41:36.982,14.26078414,0.0121316,73.8584,84.0481,355.6458,4.3621,0,U,35830,999,65501,0.00034363,0.0000086,0
COSMOS 2251 DEB,1993-036ATJ,2026-10-07T12:09:40.486,14.76795412,0.0025005,74.0304,309.4231,293.3114,66.543,0,U,35836,999,67923,0.00071385,0.00005003,0
COSMOS 2251 DEB,1993-036ATW,2026-10-05T20:32:45.015,14.51107519,0.0084439,74.0228,230.7863,285.5813,103.2947,0,U,35883,999,66695,0.0001395,0.00000548,0
COSMOS 2251 DEB,1993-036ATY,2026-10-03T07:12:44.084,14.3792835,0.0023326,74.0257,112.2331,126.3606,233.9706,0,U,35885,999,69249,0.00011865000000000001,0.00000333,0
COSMOS 2251 DEB,1993-036AUD,2026-10-06T16:56:30.285,14.61114744,0.00522,73.9361,30.9417,88.7846,271.9299,0,U,35890,999,69498,0.00084276,0.00004196,0
COSMOS 2251 DEB,1993-036AUM,2026-10-08T18:09:05.156,14.98719104,0.007504,73.9898,48.7572,116.0291,314.4039,0,U,35898,999,71299,0.00054431,0.00006908,0
COSMOS 2251 DEB,1993-036AUW,2026-10-08T20:57:26.023,14.12196623,0.0226209,74.07,85.1088,89.9417,272.7642,0,U,35956,999,66094,0.0024906,0.00005809,0
COSMOS 2251 DEB,1993-036AVG,2026-10-09T04:02:03.099,14.43093883,0.0113474,74.0275,95.5798,115.1499,246.148,0,U,35966,999,17843,0.0012776,0.00004609,0
COSMOS 2251 DEB,1993-036AVW,2026-10-06T07:37:52.706,14.62220663,0.0052726,73.9089,269.5203,334.2863,25.5682,0,U,35980,999,65832,0.00079643,0.00004063,0
COSMOS 2251 DEB,1993-036AWF,2026-10-06T05:41:14.640,14.37362528,0.0021491,74.035,96.623,109.7411,250.6063,0,U,35989,999,91453,0.00009339,0.00000253,0
COSMOS 2251 DEB,1993-036AWP,2026-10-04T11:53:59.269,14.52630089,0.0015731,74.0451,350.2984,347.7471,12.3306,0,U,35997,999,75177,0.00025659,0.00001024,0
COSMOS 2251 DEB,1993-036AXA,2026-10-02T04:25:10.440,14.28076322,0.0162654,74.0019,97.6107,173.43,186.9038,0,U,36008,999,64809,0.0016885000000000001,0.00004809,0
COSMOS 2251 DEB,1993-036AXJ,2026-10-08T20:37:23.768,15.15395386,0.0008625,74.0121,77.9552,52.944,307.2542,0,U,36047,999,70458,0.0017147000000000002,0.00032519,0
COSMOS 2251 DEB,1993-036AXM,2026-10-08T08:04:29.747,15.05092812,0.0082583,74.0294,301.5679,300.5677,58.7382,0,U,36050,999,71537,0.00030703999999999996,0.00004669,0
COSMOS 2251 DEB,1993-036AXX,2026-10-06T16:27:52.956,14.42533033,0.0014253,74.0301,41.7427,68.4318,291.8355,0,U,36060,999,89305,0.00015848000000000001,0.000005,0
COSMOS 2251 DEB,1993-036AYM,2026-10-09T06:47:46.599,14.45447815,0.0043882,73.9889,139.2914,161.9336,198.3394,0,U,36074,999,90250,0.0003429,0.00001194,0
COSMOS 2251 DEB,1993-036AYW,2026-10-09T03:23:48.185,14.78808971,0.0014307,74.0285,201.8781,212.5714,147.4581,0,U,36369,999,90356,0.00092964,0.00006822,0
COSMOS 2251 DEB,1993-036AZN,2026-10-08T10:08:51.743,14.78271208,0.012795,73.966,285.4801,26.1556,334.6006,0,U,36385,999,89523,0.0008432800000000001,0.00006995,0
COSMOS 2251 DEB,1993-036BAL,2026-10-05T09:24:25.275,14.75365666,0.0019269,73.9398,172.3347,321.2925,38.6866,0,U,36437,999,70420,0.00085047,0.00005758,0
COSMOS 2251 DEB,1993-036BBA,2026-09-15T12:34:19.922,14.19719852,0.0183507,73.9525,197.9457,321.0354,37.7681,0,U,36451,999,88152,0.00067851,0.00001671,0
COSMOS 2251 DEB,1993-036BCN,2026-10-06T10:37:06.066,14.31558931,0.0086138,74.0164,322.2415,300.4525,58.8137,0,U,36528,999,68686,0.00038884000000000005,0.00001051,0
COSMOS 2251 DEB,1993-036BCR,2026-10-02T05:02:25.645,14.35138108,0.0151842,74.0859,196.8091,142.2039,218.9896,0,U,36531,999,63700,0.0011891,0.00003845,0
COSMOS 2251 DEB,1993-036BDA,2026-10-08T19:11:49.005,14.61021208,0.001621,74.0278,327.6683,319.9985,39.9986,0,U,36540,999,90389,0.00048049999999999997,0.00002333,0
COSMOS 2251 DEB,1993-036BDT,2026-10-04T05:09:59.338,14.8854829,0.0020812,73.9768,258.3873,320.7593,39.2077,0,U,36557,999,38280,0.0013429,0.00012531,0
COSMOS 2251 DEB,1993-036BEC,2026-10-05T09:47:12.206,14.63091074,0.0016782,74.0232,326.1789,319.712,40.2803,0,U,36614,999,69948,0.00066246,0.0000338,0
COSMOS 2251 DEB,1993-036BFE,2026-10-09T07:17:25.936,15.04556947,0.0092008,74.0244,267.1743,267.002,92.0637,0,U,37084,999,70783,0.00031987,0.00004884,0
COSMOS 2251 DEB,1993-036BFR,2026-10-08T15:34:47.172,14.04522099,0.0192166,73.8479,21.0494,24.8304,336.1927,0,U,37095,999,66845,0.0004248,0.00000774,0
COSMOS 2251 DEB,1993-036BGQ,2026-09-25T15:08:52.537,14.85283992,0.0008321,74.0111,235.5086,252.9131,107.1137,0,U,37118,999,69802,0.0016181000000000001,0.000139,0
COSMOS 2251 DEB,1993-036BHH,2026-10-03T02:57:36.755,14.2984767,0.0102026,74.1651,220.3714,16.471,343.9713,0,U,37269,999,10272,0.0007330600000000001,0.00001971,0
COSMOS 2251 DEB,1993-036BHU,2026-10-06T13:57:24.460,14.20626933,0.0133477,74.028,243.9277,299.7591,59.033,0,U,37280,999,61551,0.0007884400000000001,0.0000183,0
COSMOS 2251 DEB,1993-036BJH,2026-10-09T02:27:09.874,14.46663411,0.0064813,73.9254,76.9921,281.4304,77.9579,0,U,37293,999,69715,0.00056165,0.00002053,0
COSMOS 2251 DEB,1993-036BKC,2026-10-07T22:11:28.249,14.46940815,0.0017306,74.0335,5.2708,33.1213,327.1025,0,U,37312,999,90490,0.000205,0.00000719,0
COSMOS 2251 DEB,1993-036BKS,2026-10-08T07:20:06.943,14.62805761,0.005623,74.021,120.5113,175.7404,184.4255,0,U,37326,999,89862,0.00023499,0.00001195,0
COSMOS 2251 DEB,1993-036BLC,2026-10-06T00:03:17.216,14.32856847,0.0029481,74.0406,148.4883,157.4273,202.8183,0,U,37336,999,69377,0.000033173,6.5e-7,0
COSMOS 2251 DEB,1993-036BLM,2026-10-05T00:40:09.509,14.43046516,0.0038738,73.8247,11.551,348.9713,186.4874,0,U,37484,999,69651,0.00036205,0.00001196,0
COSMOS 2251 DEB,1993-036BLU,2026-10-08T07:16:01.370,13.76039499,0.0313426,73.9035,131.5737,68.1281,295.2854,0,U,37491,999,59866,0.00062612,0.00000851,0
COSMOS 2251 DEB,1993-036BMC,2026-10-06T07:29:34.710,14.34554939,0.0027405,74.0362,137.3215,145.0468,215.249,0,U,37499,999,89416,0.000072351,0.00000179,0
COSMOS 2251 DEB,1993-036BNL,2026-09-26T19:49:26.080,14.69150999,0.0034449,74.0062,68.3923,82.4911,278.0171,0,U,37531,999,74276,0.0012186,0.0000721,0
COSMOS 2251 DEB,1993-036BNQ,2026-10-08T13:14:03.255,14.60011441,0.0029097,74.0216,221.4979,280.3954,195.0692,0,U,37535,999,89698,0.00037773,0.00001793,0
COSMOS 2251 DEB,1993-036BPB,2026-10-09T06:00:20.477,14.90134781,0.000747,74.0185,219.9286,206.8855,153.194,0,U,37546,999,70351,0.0015944,0.00015436,0
COSMOS 2251 DEB,1993-036BPL,2026-10-04T18:29:14.663,14.59934619,0.0041888,74.0381,293.1236,296.6651,63.0227,0,U,37961,999,84383,0.00035782,0.00001705,0
COSMOS 2251 DEB,1993-036BPU,2026-10-07T04:14:36.237,14.47965387,0.0101419,73.9719,95.2808,223.4225,135.8915,0,U,37969,999,55781,0.0012973000000000001,0.0000511,0
COSMOS 2251 DEB,1993-036BQA,2026-10-05T05:28:20.370,14.88318218,0.0071425,73.9963,95.7463,14.5735,345.7481,0,U,37975,999,74141,0.0019505,0.00018935,0
COSMOS 2251 DEB,1993-036BQU,2026-10-05T19:00:00.357,14.62744701,0.0022754,74.0229,318.1246,328.0145,31.964,0,U,37993,999,69657,0.0005506900000000001,0.00002787,0
COSMOS 2251 DEB,1993-036BQZ,2026-10-08T23:52:40.703,14.46397172,0.0018894,74.0371,34.8883,36.7724,323.4726,0,U,37998,999,68627,0.0002722,0.00000953,0
COSMOS 2251 DEB,1993-036BRL,2026-10-08T09:20:40.056,13.63916255,0.0352248,73.9509,134.861,54.4036,7.5278,0,U,38054,999,71263,0.001661,0.0000199,0
COSMOS 2251 DEB,1993-036BRP,2026-10-06T06:17:08.884,14.24733238,0.014036,73.9971,257.9437,338.0642,21.4531,0,U,38057,999,64173,0.0013707,0.00003511,0
COSMOS 2251 DEB,1993-036BRU,2026-10-05T02:26:03.571,15.09457577,0.0014408,74.0015,44.5032,93.4439,79.678,0,U,38062,999,67481,0.0019877000000000002,0.00032006,0
COSMOS 2251 DEB,1993-036BSA,2026-10-07T23:14:44.377,14.3635797,0.0025561,74.0194,118.2392,138.8443,221.4643,0,U,38068,999,70942,0.00012333,0.00000336,0
COSMOS 2251 DEB,1993-036BSY,2026-10-09T05:10:03.642,14.94902019,0.000844,74.0015,196.3851,219.2592,291.8512,0,U,38208,999,75634,0.0014101,0.0001539,0
COSMOS 2251 DEB,1993-036BTP,2026-10-05T13:04:25.352,14.40652417,0.0081446,74.0082,355.0295,31.9078,28.9614,0,U,38479,999,68959,0.00066438,0.00002179,0
COSMOS 2251 DEB,1993-036BTW,2026-10-06T10:40:15.170,14.81609257,0.0029062,73.9401,336.7933,42.9781,329.8773,0,U,38486,999,79833,0.0011956,0.00009445,0
COSMOS 2251 DEB,1993-036BTZ,2026-10-08T11:15:15.379,14.7344898,0.009378,73.9579,194.7709,355.3621,121.0393,0,U,39110,999,66897,0.00018697,0.00001264,0
COSMOS 2251 DEB,1993-036BUN,2026-10-06T14:03:43.893,14.64788523,0.012844,73.9322,32.2166,79.3177,282.2423,0,U,39583,999,66135,0.0008606800000000001,0.00005152,0
COSMOS 2251 DEB,1993-036BUW,2026-10-05T15:49:22.624,14.42435597,0.0028589,74.0199,55.6544,99.1337,274.6001,0,U,39591,999,66057,0.00021338,0.00000683,0
COSMOS 2251 DEB,1993-036BVK,2026-10-09T01:01:24.564,14.50665047,0.0017321,74.0461,23.1446,4.9381,175.2225,0,U,40230,999,63324,0.00037203999999999997,0.00001436,0
COSMOS 2251 DEB,1993-036BVR,2026-10-08T16:40:58.343,13.25188684,0.0534466,73.5426,30.7513,243.8737,110.6444,0,U,40236,999,57597,0.00085587,0.00000778,0
COSMOS 2251 DEB,1993-036BVU,2026-10-03T04:35:14.564,14.62837054,0.0084371,74.0292,71.4389,109.352,64.1433,0,U,40239,999,63915,0.00017196,0.00000892,0
COSMOS 2251 DEB,1993-036BVX,2026-10-06T03:48:11.229,15.19693846,0.0010746,73.9669,231.5487,260.6091,112.9488,0,U,40794,999,66402,0.0031308000000000004,0.0006755,0
COSMOS 2251 DEB,1993-036BWC,2026-10-04T13:28:30.497,14.99431368,0.0111415,73.9247,214.5757,26.0979,334.5763,0,U,40799,999,54407,0.00030751,0.00004249,0
COSMOS 2251 DEB,1993-036BWM,2026-10-08T23:50:55.605,14.71694572,0.0011843,74.0384,283.5156,255.4827,134.4148,0,U,40808,999,68031,0.00083178,0.00005162,0
COSMOS 2251 DEB,1993-036BWU,2026-10-04T21:51:17.056,14.55136672,0.0090725,73.9117,152.7059,8.4192,351.8466,0,U,46430,999,83986,0.00097371,0.00004416,0
COSMOS 2251 DEB,1993-036BXC,2026-10-06T21:34:04.079,14.55095254,0.012888,73.9749,113.5719,229.7989,195.9542,0,U,47048,999,64023,0.00063183,0.00003016,0
COSMOS 2251 DEB,1993-036BXH,2026-09-15T10:38:42.154,13.60254609,0.0378198,74.0603,165.8997,278.2241,204.1965,0,U,47053,999,32650,0.00038508,0.00000439,0
COSMOS 2251 DEB,1993-036BXY,2026-10-04T12:10:04.404,14.54975946,0.001793,74.0255,3.8617,15.982,344.1905,0,U,47068,999,66056,0.00032219,0.00001361,0
COSMOS 2251 DEB,1993-036BYE,2026-10-05T08:44:39.547,14.38086435,0.0139492,74.0897,124.8561,77.2882,96.4698,0,U,47074,999,6943,0.0010709,0.00003608,0
COSMOS 2251 DEB,1993-036BYP,2026-10-08T13:17:03.997,14.43128303,0.0020484,74.0326,105.0891,115.4054,244.9226,0,U,53093,999,22049,0.00034859,0.00001147,0
