OBJECT_A,NORAD_A,OBJECT_B,NORAD_B,TCA,MISS_DISTANCE_KM,RELATIVE_VELOCITY_KM_S,COLLISION_PROBABILITY_MC,RISK_LEVEL,COUNTRY_A,OPERATOR_A,COUNTRY_B,OPERATOR_B,OBJECT_A_TYPE,OBJECT_B_TYPE,COLLISION_TYPE,REENTRY_LIKELIHOOD_A,REENTRY_LIKELIHOOD_B,REENTRY_CONCERN,CROSS_BORDER,COORDINATION_REQUIRED
IRIDIUM 33 DEB,33866,COSMOS 2251 DEB,33766,2026-09-03 03:40:48.261172+00:00,18.19587659134068,4.469667107543559,0.0,LOW,USA,Iridium Communications,Russia,Roscosmos,Unknown,Unknown,Unknown,Not assessed,Not assessed,False,True,False
FENGYUN 1C DEB,29738,COSMOS 2251,22675,2026-08-29 08:27:48.261172+00:00,19.47025529394056,15.043693567447455,0.0,LOW,China,CNSA,Russia,Roscosmos,Unknown,Unknown,Unknown,Not assessed,Not assessed,False,True,False
COSMOS 2251 DEB,33760,RIGIDSPHERE 2 (LCS 4),5398,2026-09-02 10:41:48.261172+00:00,25.45626487839281,14.550530302438412,0.0,LOW,Russia,Roscosmos,USA,US Air Force,Unknown,Unknown,Unknown,Not assessed,Not assessed,False,True,False
IRIDIUM 33 DEB,33776,IRIDIUM 33 DEB,33850,2026-08-31 21:20:48.261172+00:00,28.261822033877824,6.66732847975641,0.0,LOW,USA,Iridium Communications,USA,Iridium Communications,Unknown,Unknown,Unknown,Not assessed,Not assessed,False,False,False
IRIDIUM 33,24946,IRIDIUM 33 DEB,33773,2026-09-01 17:24:48.261172+00:00,28.506169349039386,1.134078944638063,0.0,LOW,USA,Iridium Communications,USA,Iridium Communications,Unknown,Unknown,Unknown,Not assessed,Not assessed,False,False,False
IRIDIUM 33 DEB,33776,RIGIDSPHERE 2 (LCS 4),5398,2026-09-03 11:08:48.261172+00:00,28.72216873338728,1.6298012368940542,0.0,LOW,USA,Iridium Communications,USA,US Air Force,Unknown,Unknown,Unknown,Not assessed,Not assessed,False,False,False
FENGYUN 1C,25730,LUSAT (LO-19),20442,2026-08-30 20:24:48.261172+00:00,31.148349773693656,6.307817531452863,0.0,LOW,China,CNSA,Argentina,AMSAT-LU,Unknown,Unknown,Unknown,Not assessed,Not assessed,False,True,False
IRIDIUM 33,24946,IRIDIUM 33 DEB,33866,2026-09-04 07:19:48.261172+00:00,35.08497294714326,3.0794600187133114,0.0,LOW,USA,Iridium Communications,USA,Iridium Communications,Unknown,Unknown,Unknown,Not assessed,Not assessed,False,False,False
COSMOS 2251 DEB,33757,LUSAT (LO-19),20442,2026-08-30 03:34:48.261172+00:00,35.24298059524051,7.728705614663434,0.0,LOW,Russia,Roscosmos,Argentina,AMSAT-LU,Unknown,Unknown,Unknown,Not assessed,Not assessed,False,True,False
IRIDIUM 33 DEB,33776,COSMOS 2251 DEB,33760,2026-08-30 03:20:48.261172+00:00,35.548838919213345,14.61049105877974,0.0,LOW,USA,Iridium Communications,Russia,Roscosmos,Unknown,Unknown,Unknown,Not assessed,Not assessed,False,True,False
YAOGAN-3,32289,CARTOSAT-2A,32783,2026-09-04 05:42:48.261172+00:00,38.06390121950416,2.193572785745401,0.0,LOW,Unknown,Unknown,Unknown,Unknown,Unknown,Unknown,Unknown,Not assessed,Not assessed,False,False,False
OPS 5712 (P/L 160),2826,COSMO-SKYMED 2,32376,2026-09-04 03:14:48.261172+00:00,38.591329514275294,13.909297733346346,0.0,LOW,USA,US Air Force,Unknown,Unknown,Unknown,Unknown,Unknown,Not assessed,Not assessed,False,True,False
IRIDIUM 33 DEB,33850,COSMOS 2251 DEB,33757,2026-09-04 03:29:48.261172+00:00,39.17018178829974,9.217925604233908,0.0,LOW,USA,Iridium Communications,Russia,Roscosmos,Unknown,Unknown,Unknown,Not assessed,Not assessed,False,True,False
IRIDIUM 33 DEB,33860,CARTOSAT-2A,32783,2026-08-28 15:15:48.261172+00:00,42.21686246809219,2.4184282540142497,0.0,LOW,USA,Iridium Communications,Unknown,Unknown,Unknown,Unknown,Unknown,Not assessed,Not assessed,False,True,False
FENGYUN 1C,25730,RIGIDSPHERE 2 (LCS 4),5398,2026-09-03 20:48:48.261172+00:00,45.70211565739007,1.563897857653184,0.0,LOW,China,CNSA,USA,US Air Force,Unknown,Unknown,Unknown,Not assessed,Not assessed,False,True,False
LUSAT (LO-19),20442,RADARSAT-2,32382,2026-08-30 02:00:48.261172+00:00,46.14872035563913,2.301529928630601,0.0,LOW,Argentina,AMSAT-LU,Unknown,Unknown,Unknown,Unknown,Unknown,Not assessed,Not assessed,False,True,False
HUANJING 1B (HJ-1B),33321,DIWATA 2B,43678,2026-08-29 02:37:48.261172+00:00,46.17847349118119,14.365697372483488,0.0,LOW,Unknown,Unknown,Unknown,Unknown,Unknown,Unknown,Unknown,Not assessed,Not assessed,False,False,False
FENGYUN 1C DEB,29738,COSMOS 2251 DEB,33757,2026-08-30 05:24:48.261172+00:00,47.351476249228696,14.97182832271769,0.0,LOW,China,CNSA,Russia,Roscosmos,Unknown,Unknown,Unknown,Not assessed,Not assessed,False,True,False
IRIDIUM 33 DEB,33777,COSMOS 2251 DEB,33758,2026-08-28 22:22:48.261172+00:00,47.72755661530893,14.652037996156889,0.0,LOW,USA,Iridium Communications,Russia,Roscosmos,Unknown,Unknown,Unknown,Not assessed,Not assessed,False,True,False
COSMOS 2251 DEB,33757,RADARSAT-2,32382,2026-08-29 15:47:48.261172+00:00,47.7864546142676,5.7434264422827805,0.0,LOW,Russia,Roscosmos,Unknown,Unknown,Unknown,Unknown,Unknown,Not assessed,Not assessed,False,True,False
CARTOSAT-2A,32783,KKS-1 (KISEKI),33499,2026-09-02 06:41:48.261172+00:00,47.972919678214176,13.068764412415218,0.0,LOW,Unknown,Unknown,Unknown,Unknown,Unknown,Unknown,Unknown,Not assessed,Not assessed,False,False,False
FENGYUN 1C,25730,COSMOS 2251 DEB,33757,2026-08-31 17:21:48.261172+00:00,48.29441456573616,12.499051561401595,0.0,LOW,China,CNSA,Russia,Roscosmos,Unknown,Unknown,Unknown,Not assessed,Not assessed,False,True,False
COSMOS 2251 DEB,33768,RADARSAT-2,32382,2026-08-31 19:05:48.261172+00:00,48.752443406317965,11.08709502891629,0.0,LOW,Russia,Roscosmos,Unknown,Unknown,Unknown,Unknown,Unknown,Not assessed,Not assessed,False,True,False
FENGYUN 1C,25730,IRIDIUM 33,24946,2026-08-29 16:08:48.261172+00:00,51.29447601351014,1.664262784155973,0.0,LOW,China,CNSA,USA,Iridium Communications,Unknown,Unknown,Unknown,Not assessed,Not assessed,False,True,False
UOSAT 2 (UO-11),14781,STARS (KUKAI),33498,2026-09-02 14:09:48.261172+00:00,52.50881641790297,1.85469539562742,0.0,LOW,UK,Surrey Satellite Technology,Unknown,Unknown,Unknown,Unknown,Unknown,Not assessed,Not assessed,False,True,False
COSMOS 2251 DEB,33760,COSMOS 2251 DEB,33768,2026-09-03 10:44:48.261172+00:00,54.04301555528057,0.402519691611085,0.0,LOW,Russia,Roscosmos,Russia,Roscosmos,Unknown,Unknown,Unknown,Not assessed,Not assessed,False,False,False
CARTOSAT-2A,32783,HUANJING 1A (HJ-1A),33320,2026-09-03 13:29:48.261172+00:00,54.66584518499532,7.824631151566862,0.0,LOW,Unknown,Unknown,Unknown,Unknown,Unknown,Unknown,Unknown,Not assessed,Not assessed,False,False,False
IRIDIUM 33 DEB,33862,GEOEYE 1,33331,2026-08-31 00:56:48.261172+00:00,57.26506325504332,4.658621889758735,0.0,LOW,USA,Iridium Communications,Unknown,Unknown,Unknown,Unknown,Unknown,Not assessed,Not assessed,False,True,False
FENGYUN 1C,25730,COSMOS 2251 DEB,33766,2026-08-29 03:15:48.261172+00:00,58.98868924916516,8.69770366204925,0.0,LOW,China,CNSA,Russia,Roscosmos,Unknown,Unknown,Unknown,Not assessed,Not assessed,False,True,False
CUTE-1.7+APD II (CO-65),32785,STARS (KUKAI),33498,2026-09-01 06:02:48.261172+00:00,59.518904643852245,4.207585082596696,0.0,LOW,Unknown,Unknown,Unknown,Unknown,Unknown,Unknown,Unknown,Not assessed,Not assessed,False,False,False
IRIDIUM 33 DEB,33862,COSMO-SKYMED 2,32376,2026-09-01 04:41:48.261172+00:00,59.93000433291967,14.36793623323055,0.0,LOW,USA,Iridium Communications,Unknown,Unknown,Unknown,Unknown,Unknown,Not assessed,Not assessed,False,True,False
FENGYUN 1C DEB,29734,COSMOS 2439,32956,2026-08-31 07:54:48.261172+00:00,60.50239317642964,14.103721283402162,0.0,LOW,China,CNSA,Russia,Roscosmos,Unknown,Unknown,Unknown,Not assessed,Not assessed,False,True,False
HUANJING 1A (HJ-1A),33320,STARS (KUKAI),33498,2026-08-29 20:15:48.261172+00:00,60.60898115784799,4.208724545554827,0.0,LOW,Unknown,Unknown,Unknown,Unknown,Unknown,Unknown,Unknown,Not assessed,Not assessed,False,False,False
IRIDIUM 33 DEB,33775,RADARSAT-2,32382,2026-09-01 04:27:48.261172+00:00,61.45120097273482,6.17567198861425,0.0,LOW,USA,Iridium Communications,Unknown,Unknown,Unknown,Unknown,Unknown,Not assessed,Not assessed,False,True,False
FENGYUN 1C DEB,29737,IRIDIUM 33 DEB,33866,2026-08-29 13:53:48.261172+00:00,61.93879449625968,14.945883624399904,0.0,LOW,China,CNSA,USA,Iridium Communications,Unknown,Unknown,Unknown,Not assessed,Not assessed,False,True,False
COSMOS 2251 DEB,33760,RADARSAT-2,32382,2026-09-01 12:43:48.261172+00:00,62.56066969832324,10.87236999184934,0.0,LOW,Russia,Roscosmos,Unknown,Unknown,Unknown,Unknown,Unknown,Not assessed,Not assessed,False,True,False
YAOGAN-3,32289,COSMO-SKYMED 2,32376,2026-08-28 14:07:48.261172+00:00,62.703619292017805,14.539132435755652,0.0,LOW,Unknown,Unknown,Unknown,Unknown,Unknown,Unknown,Unknown,Not assessed,Not assessed,False,False,False
IRIDIUM 33 DEB,33777,CARTOSAT-2A,32783,2026-09-01 19:51:48.261172+00:00,63.16225094076253,2.00600661388303,0.0,LOW,USA,Iridium Communications,Unknown,Unknown,Unknown,Unknown,Unknown,Not assessed,Not assessed,False,True,False
CUTE-1.7+APD II (CO-65),32785,HUANJING 1B (HJ-1B),33321,2026-08-30 22:14:48.261172+00:00,63.62340580963425,0.3791174792534191,0.0,LOW,Unknown,Unknown,Unknown,Unknown,Unknown,Unknown,Unknown,Not assessed,Not assessed,False,False,False
FENGYUN 1C DEB,29735,COSMOS 2251 DEB,33764,2026-09-03 01:13:48.261172+00:00,64.1351123341439,4.3874690602834505,0.0,LOW,China,CNSA,Russia,Roscosmos,Unknown,Unknown,Unknown,Not assessed,Not assessed,False,True,False
IRIDIUM 33 DEB,33866,COSMOS 2251,22675,2026-09-01 13:32:48.261172+00:00,65.34248577855399,14.13781966842257,0.0,LOW,USA,Iridium Communications,Russia,Roscosmos,Unknown,Unknown,Unknown,Not assessed,Not assessed,False,True,False
STARS (KUKAI),33498,KKS-1 (KISEKI),33499,2026-08-30 07:30:48.261172+00:00,66.01281057750192,3.4569246545901544,0.0,LOW,Unknown,Unknown,Unknown,Unknown,Unknown,Unknown,Unknown,Not assessed,Not assessed,False,False,False
IRIDIUM 33 DEB,33860,HUANJING 1A (HJ-1A),33320,2026-08-30 22:11:48.261172+00:00,67.24374878239028,5.955856830587287,0.0,LOW,USA,Iridium Communications,Unknown,Unknown,Unknown,Unknown,Unknown,Not assessed,Not assessed,False,True,False
UOSAT 2 (UO-11),14781,CANX-2,32790,2026-08-29 19:56:48.261172+00:00,67.30101536820851,2.144998682936304,0.0,LOW,UK,Surrey Satellite Technology,Unknown,Unknown,Unknown,Unknown,Unknown,Not assessed,Not assessed,False,True,False
