OBJECT_A,NORAD_A,OBJECT_B,NORAD_B,TCA,MISS_DISTANCE_KM,RELATIVE_VELOCITY_KM_S,COLLISION_PROBABILITY_MC
FENGYUN 1C DEB,29738,COSMOS 2251 DEB,33757,2026-09-01 14:26:02.398776+00:00,6.648085319498727,15.089752433146586,0.0
HST,20580,USA 119,23893,2026-08-31 12:08:02.398776+00:00,10.63617880018107,7.4392630486247455,0.0
COSMOS 2251 DEB,33760,RIGIDSPHERE 2 (LCS 4),5398,2026-09-02 11:32:02.398776+00:00,13.060776618416876,14.485154222303022,0.0
IRIDIUM 33 DEB,33776,COSMOS 2251 DEB,33760,2026-08-30 05:01:02.398776+00:00,13.184042513004128,14.611626112029624,0.0
IRIDIUM 33 DEB,33866,COSMOS 2251 DEB,33760,2026-09-01 08:12:02.398776+00:00,14.67479244249213,14.767969727109758,0.0
ORBCOMM FM04,25159,ORBCOMM FM27,25481,2026-09-01 05:32:02.398776+00:00,14.917015703802518,7.864397336770217,0.0
COSMOS 2251 DEB,33757,LUSAT (LO-19),20442,2026-08-30 04:25:02.398776+00:00,15.07061880868812,7.722659268994564,0.0
IRIDIUM 33 DEB,33776,IRIDIUM 33 DEB,37136,2026-09-01 09:01:02.398776+00:00,16.55013535912,12.083436872793124,0.0
ORBCOMM FM06,25118,SCD 2,25504,2026-09-02 13:36:02.398776+00:00,16.597176063178722,6.124514717387536,0.0
IRIDIUM 33 DEB,33775,SCD 1,22490,2026-09-02 22:23:02.398776+00:00,18.557510005074384,12.08883660064052,0.0
COSMOS 2251 DEB,33761,ORBCOMM FM04,25159,2026-09-01 10:59:02.398776+00:00,20.109714484343183,14.6661111189779,0.0
COSMOS 2251 DEB,33760,ORBCOMM FM27,25481,2026-08-31 15:26:02.398776+00:00,26.64358641020586,12.884581443290545,0.0
FENGYUN 1C DEB,29738,WESTPAC,25398,2026-09-02 11:34:02.398776+00:00,28.505792761908392,13.897499125579817,0.0
RIGIDSPHERE 2 (LCS 4),5398,ITAMSAT (IO-26),22826,2026-09-03 15:38:02.398776+00:00,28.80682536170952,1.4885710283196043,0.0
COSMOS 2251 DEB,33757,FORTE,24920,2026-08-29 20:37:02.398776+00:00,30.562210199758127,0.548733266825216,0.0
EYESAT A (AO-27),22825,TECHSAT 1B (GO-32),25397,2026-09-03 17:13:02.398776+00:00,32.11391299428729,8.704049516345048,0.0
COSMOS 2251 DEB,33760,ITAMSAT (IO-26),22826,2026-08-31 16:45:02.398776+00:00,32.135491368798114,14.417906035690422,0.0
IRIDIUM 33 DEB,33850,IRIDIUM 33 DEB,37548,2026-09-03 07:36:02.398776+00:00,34.938889125269014,1.519678489983899,0.0
LUSAT (LO-19),20442,STELLA,22824,2026-08-31 10:39:02.398776+00:00,35.48450434444642,5.106647079539858,0.0
IRIDIUM 33 DEB,33775,EYESAT A (AO-27),22825,2026-09-03 15:21:02.398776+00:00,36.128719310089885,2.771473892439272,0.0
COSMOS 2251 DEB,33768,STELLA,22824,2026-09-04 22:11:02.398776+00:00,36.98608691181746,14.763279097714516,0.0
COSMOS 2251 DEB,33762,ORBCOMM FM20,25416,2026-09-03 07:46:02.398776+00:00,39.04820931551081,6.782622919462381,0.0
IRIDIUM 33 DEB,33860,OPS 5712 (P/L 160),2826,2026-09-04 02:27:02.398776+00:00,39.05773073318618,8.094038042483728,0.0
IRIDIUM 33 DEB,33776,RIGIDSPHERE 2 (LCS 4),5398,2026-09-03 12:49:02.398776+00:00,39.52948011781207,1.6283609597841275,0.0
COSMOS 2251 DEB,33760,FORTE,24920,2026-09-01 09:29:02.398776+00:00,41.38636385913162,5.169989447177282,0.0
SCD 1,22490,EYESAT A (AO-27),22825,2026-09-03 21:42:02.398776+00:00,41.43572935007565,12.4393800544943,0.0
IRIDIUM 33 DEB,33776,SCD 2,25504,2026-08-29 06:19:02.398776+00:00,41.43657238611972,7.676569548974258,0.0
RIGIDSPHERE 2 (LCS 4),5398,FORTE,24920,2026-09-02 14:58:02.398776+00:00,42.02410471072185,12.591393166415264,0.0
IRIDIUM 33 DEB,33773,ITAMSAT (IO-26),22826,2026-08-29 21:36:02.398776+00:00,42.73521456203613,1.602445599130761,0.0
IRIDIUM 33 DEB,33853,ITAMSAT (IO-26),22826,2026-09-02 19:08:02.398776+00:00,42.75118733057892,9.591233975908516,0.0
IRIDIUM 33 DEB,33853,TECHSAT 1B (GO-32),25397,2026-09-01 04:13:02.398776+00:00,43.51179492941331,1.787797475178983,0.0
IRIDIUM 33 DEB,33775,SCD 2,25504,2026-08-31 04:36:02.398776+00:00,43.914429372536986,8.081820553604164,0.0
COSMOS 2251 DEB,33764,ORBCOMM FM04,25159,2026-09-02 06:52:02.398776+00:00,46.59040173638953,14.943154942797642,0.0
COSMOS 2251 DEB,33761,ITAMSAT (IO-26),22826,2026-09-02 00:54:02.398776+00:00,48.81267491119812,14.868346222543488,0.0
IRIDIUM 33 DEB,33777,IRIDIUM 33 DEB,37548,2026-09-02 04:20:02.398776+00:00,48.94340302985705,1.058792333643349,0.0
COSMOS 2251 DEB,33761,STARLETTE,7646,2026-08-31 20:10:02.398776+00:00,51.24830341156292,5.4275409082125,0.0
STARLETTE,7646,STELLA,22824,2026-09-01 04:54:02.398776+00:00,51.619463997060194,13.834189637237646,0.0
COSMOS 2251 DEB,33757,COSMOS 2251 DEB,33760,2026-09-04 21:54:02.398776+00:00,52.01620918684648,5.457029767161166,0.0
ITAMSAT (IO-26),22826,ORBCOMM FM27,25481,2026-09-04 15:11:02.398776+00:00,52.22062364581182,6.749869823338433,0.0
FENGYUN 1C DEB,29738,IRIDIUM 33 DEB,33850,2026-09-02 05:45:02.398776+00:00,52.753343026086135,11.118846095480896,0.0
IRIDIUM 33 DEB,33775,COSMOS 2251 DEB,33758,2026-08-30 00:55:02.398776+00:00,53.75966108132424,14.119162103266248,0.0
IRIDIUM 33 DEB,33866,WESTPAC,25398,2026-09-01 16:16:02.398776+00:00,54.14193601255004,12.103034458719288,0.0
COSMOS 2251 DEB,33760,COSMOS 2251 DEB,33768,2026-09-03 10:44:02.398776+00:00,54.54999541309913,0.4024112437621041,0.0
IRIDIUM 33 DEB,33776,STELLA,22824,2026-09-04 07:19:02.398776+00:00,55.31124633981547,2.7549706102345093,0.0
IRIDIUM 33 DEB,33853,STARLETTE,7646,2026-08-31 00:55:02.398776+00:00,55.36872878986557,8.462064604005139,0.0
IRIDIUM 33 DEB,33775,ORBCOMM FM06,25118,2026-09-01 14:36:02.398776+00:00,55.8533603961441,11.43501630597392,0.0
COSMOS 2251 DEB,33768,JAS-2 (FO-29),24278,2026-09-05 03:28:02.398776+00:00,56.498138633522096,8.373368817530547,0.0
IRIDIUM 33 DEB,33853,RIGIDSPHERE 2 (LCS 4),5398,2026-08-31 05:26:02.398776+00:00,56.79680105622795,9.886029469504372,0.0
COSMOS 2251 DEB,33766,ORBCOMM FM19,25415,2026-09-02 07:15:02.398776+00:00,57.52108451606082,12.158953786945926,0.0
COSMOS 2251 DEB,33762,WESTPAC,25398,2026-09-01 10:13:02.398776+00:00,58.18017854791,6.176628698328516,0.0
IRIDIUM 33 DEB,33866,COSMOS 2251 DEB,33766,2026-09-03 03:41:02.398776+00:00,58.1981818318984,4.469294517945004,0.0
IRIDIUM 33 DEB,33860,IRIDIUM 33 DEB,37548,2026-08-29 07:46:02.398776+00:00,58.73759451138166,2.3869735151751685,0.0
COSMOS 2251 DEB,33761,SCD 2,25504,2026-08-31 16:16:02.398776+00:00,59.8309432750603,11.257095034937343,0.0
RIGIDSPHERE 2 (LCS 4),5398,SCD 2,25504,2026-08-29 09:34:02.398776+00:00,61.04570322868364,8.010107654837078,0.0
JAS-2 (FO-29),24278,WESTPAC,25398,2026-09-03 13:58:02.398776+00:00,61.43645303020018,14.309502436913276,0.0
IRIDIUM 33 DEB,37548,IRIDIUM 33 DEB,37550,2026-08-29 16:02:02.398776+00:00,62.05368778230285,2.8379998969895044,0.0
FORTE,24920,ORBCOMM FM27,25481,2026-09-02 09:17:02.398776+00:00,63.43747721973906,11.460232913183056,0.0
COSMOS 2251 DEB,33761,SCD 1,22490,2026-09-03 14:11:02.398776+00:00,64.01864927931847,6.927805742841845,0.0
IRIDIUM 33 DEB,33775,IRIDIUM 33 DEB,33777,2026-09-04 15:39:02.398776+00:00,64.30588816463515,2.160506677561341,0.0
IRIDIUM 33 DEB,33862,COSMOS 2251 DEB,33761,2026-09-02 22:54:02.398776+00:00,64.37312490322134,14.53239442181436,0.0
EYESAT A (AO-27),22825,WESTPAC,25398,2026-09-04 02:27:02.398776+00:00,64.48021087337321,9.407640668100203,0.0
FENGYUN 1C DEB,29737,WESTPAC,25398,2026-09-05 02:59:02.398776+00:00,65.32162918326459,8.701910340819206,0.0
COSMOS 2251 DEB,33760,ORBCOMM FM04,25159,2026-09-04 21:24:02.398776+00:00,65.39764747906058,14.917167390220657,0.0
IRIDIUM 33 DEB,33775,LUSAT (LO-19),20442,2026-09-02 08:49:02.398776+00:00,65.43253186881304,3.902789857370329,0.0
ORBCOMM FM20,25416,SCD 2,25504,2026-09-01 15:56:02.398776+00:00,65.89624137779421,5.452351907812564,0.0
ORBCOMM FM06,25118,ORBCOMM FM19,25415,2026-09-04 14:21:02.398776+00:00,66.15552635351244,10.489155031222758,0.0
STELLA,22824,ORBCOMM FM20,25416,2026-08-31 07:01:02.398776+00:00,66.35705606852164,8.707252904398864,0.0
COSMOS 2251 DEB,33766,SCD 2,25504,2026-09-04 04:23:02.398776+00:00,66.43655784326052,8.191961435586286,0.0
IRIDIUM 33 DEB,37548,RIGIDSPHERE 2 (LCS 4),5398,2026-09-02 15:04:02.398776+00:00,66.51965326320321,3.733256801142988,0.0
COSMOS 2251 DEB,33760,SCD 1,22490,2026-08-29 09:12:02.398776+00:00,66.68210346549263,7.353977013201066,0.0
COSMOS 2251 DEB,33761,STELLA,22824,2026-09-02 21:42:02.398776+00:00,67.14463687480334,14.84504368743128,0.0
IRIDIUM 33 DEB,33853,COSMOS 2251 DEB,33766,2026-09-01 02:09:02.398776+00:00,67.21928558702821,14.059290606458454,0.0
IRIDIUM 33 DEB,33853,STELLA,22824,2026-08-29 19:04:02.398776+00:00,67.29133734242075,8.708622961290688,0.0
